player_id,name,first_name,last_name,position,team,jersey_number,height,weight,age,college,rookie_year,years_exp,fantasy_positions,injury_status,depth_chart_position,depth_chart_order,active
ARI,Arizona Cardinals,Arizona,Cardinals,DEF,ARI,,,0,0.0,,0,0.0,DEF,,,0.0,True
10955,Chad Ryland,Chad,Ryland,K,ARI,38,72,195,25.0,Maryland,0,2.0,K,,K,1.0,True
3257,Jacoby Brissett,Jacoby,Brissett,QB,ARI,7,76,235,32.0,North Carolina State,0,9.0,QB,,QB,2.0,True
11648,Kedon Slovis,Kedon,Slovis,QB,ARI,15,74,223,24.0,BYU,0,1.0,QB,,,,True
5849,Kyler Murray,Kyler,Murray,QB,ARI,1,70,207,28.0,Oklahoma,0,6.0,QB,,QB,1.0,True
8122,Bam Knight,Bam,Knight,RB,ARI,35,71,210,24.0,North Carolina State,0,3.0,RB,,RB,4.0,True
11199,Emari Demercado,Emari,Demercado,RB,ARI,31,69,215,26.0,TCU,0,2.0,RB,,RB,3.0,True
4137,James Conner,James,Conner,RB,ARI,6,73,233,30.0,Pittsburgh,0,8.0,RB,,RB,1.0,True
7607,Michael Carter,Michael,Carter,RB,ARI,22,68,201,26.0,North Carolina,0,4.0,RB,,,,True
7103,Tavien Feaster,Tavien,Feaster,RB,ARI,30,72,221,24.0,South Carolina,0,2.0,RB,,,,True
11589,Trey Benson,Trey,Benson,RB,ARI,33,72,220,23.0,Florida State,0,1.0,RB,,RB,2.0,True
10231,Elijah Higgins,Elijah,Higgins,TE,ARI,84,75,245,24.0,Stanford,0,2.0,TE,,TE,3.0,True
7050,Josiah Deguara,Josiah,Deguara,TE,ARI,47,74,240,28.0,Cincinnati,0,5.0,TE,,,,True
11716,Tip Reiman,Tip,Reiman,TE,ARI,87,77,271,23.0,Illinois,0,1.0,TE,,TE,2.0,True
11381,Travis Vokolek,Travis,Vokolek,TE,ARI,81,78,260,27.0,Nebraska,0,2.0,TE,,TE,4.0,True
8130,Trey McBride,Trey,McBride,TE,ARI,85,76,246,25.0,Colorado State,0,3.0,TE,,TE,1.0,True
7233,Andre Baccellia,Andre,Baccellia,WR,ARI,82,70,180,28.0,Washington,0,5.0,WR,,,,True
5970,Greg Dortch,Greg,Dortch,WR,ARI,4,67,180,27.0,Wake Forest,0,6.0,WR,,SWR,3.0,True
11628,Marvin Harrison,Marvin,Harrison,WR,ARI,18,75,220,23.0,Ohio State,0,1.0,WR,,LWR,1.0,True
10232,Michael Wilson,Michael,Wilson,WR,ARI,14,74,213,25.0,Stanford,0,2.0,WR,,RWR,2.0,True
7812,Simi Fehoko,Simi,Fehoko,WR,ARI,80,76,225,27.0,Stanford,0,4.0,WR,,,,True
11802,Tejhaun Palmer,Tejhaun,Palmer,WR,ARI,83,73,210,25.0,UAB,0,1.0,WR,,,,True
7009,Trishton Jackson,Trishton,Jackson,WR,ARI,86,73,200,27.0,Syracuse,0,5.0,WR,IR,,7.0,True
11921,Xavier Weaver,Xavier,Weaver,WR,ARI,89,73,185,24.0,Colorado,0,1.0,WR,,LWR,5.0,True
4080,Zay Jones,Zay,Jones,WR,ARI,17,74,200,30.0,East Carolina,0,8.0,WR,,SWR,4.0,True
ATL,Atlanta Falcons,Atlanta,Falcons,DEF,ATL,,,0,0.0,,0,0.0,DEF,,,0.0,True
12548,Lenny Krieg,Lenny,Krieg,K,ATL,46,74,214,23.0,,0,3.0,K,,,,True
4666,Younghoe Koo,Younghoe,Koo,K,ATL,6,70,195,31.0,Georgia Southern,0,8.0,K,,K,1.0,True
6185,Easton Stick,Easton,Stick,QB,ATL,12,73,224,29.0,North Dakota State,0,6.0,QB,,,,True
11961,Emory Jones,Emory,Jones,QB,ATL,15,74,211,25.0,Cincinnati,0,1.0,QB,IR,QB,4.0,True
1166,Kirk Cousins,Kirk,Cousins,QB,ATL,18,75,205,37.0,Michigan State,0,13.0,QB,,QB,2.0,True
11559,Michael Penix,Michael,Penix,QB,ATL,9,75,220,25.0,Washington,0,1.0,QB,,QB,1.0,True
9509,Bijan Robinson,Bijan,Robinson,RB,ATL,7,71,215,23.0,Texas,0,2.0,RB,,RB,1.0,True
11186,Carlos Washington,Carlos,Washington,RB,ATL,26,71,210,26.0,Southeastern Louisiana,0,2.0,RB,,,,True
12897,Nathan Carter,Nathan,Carter,RB,ATL,38,70,202,23.0,Michigan State,0,0.0,RB,,RB,4.0,True
8132,Tyler Allgeier,Tyler,Allgeier,RB,ATL,25,70,225,25.0,BYU,0,3.0,RB,,RB,2.0,True
7075,Charlie Woerner,Charlie,Woerner,TE,ATL,89,77,250,27.0,Georgia,0,5.0,TE,,TE,2.0,True
7531,Feleipe Franks,Feleipe,Franks,TE,ATL,84,78,241,27.0,Arkansas,0,4.0,TE,,TE,4.0,True
12883,Joshua Simon,Joshua,Simon,TE,ATL,47,76,259,24.0,South Carolina,0,0.0,TE,,,,True
7553,Kyle Pitts,Kyle,Pitts,TE,ATL,8,78,250,24.0,Florida,0,4.0,TE,,TE,1.0,True
812,Lee Smith,Lee,Smith,TE,ATL,85,78,265,34.0,Marshall,0,11.0,TE,,,,True
8227,Teagan Quitoriano,Teagan,Quitoriano,TE,ATL,85,78,259,25.0,Oregon State,0,3.0,TE,,TE,3.0,True
11806,Casey Washington,Casey,Washington,WR,ATL,82,72,205,24.0,Illinois,0,1.0,WR,,LWR,5.0,True
7521,Chris Blair,Chris,Blair,WR,ATL,19,74,215,27.0,Alcorn State,0,4.0,WR,,,,True
7090,Darnell Mooney,Darnell,Mooney,WR,ATL,1,71,180,27.0,Tulane,0,5.0,WR,Questionable,RWR,2.0,True
6154,David Sills,David,Sills,WR,ATL,87,75,211,29.0,West Virginia,0,6.0,WR,,LWR,8.0,True
8112,Drake London,Drake,London,WR,ATL,5,76,215,24.0,USC,0,3.0,WR,,LWR,1.0,True
11474,Dylan Drummond,Dylan,Drummond,WR,ATL,81,72,190,25.0,Eastern Michigan,0,2.0,WR,,,,True
4922,Garrett Scantling,Garrett,Scantling,WR,ATL,89,"6'3""",210,,Georgia,0,1.0,WR,,,,True
4198,Jamal Agnew,Jamal,Agnew,WR,ATL,14,70,190,30.0,San Diego,0,8.0,WR,Questionable,SWR,6.0,True
5773,KhaDarel Hodge,KhaDarel,Hodge,WR,ATL,4,74,210,30.0,Prairie View A&M,0,7.0,WR,,RWR,4.0,True
12478,Nick Nash,Nick,Nash,WR,ATL,80,75,195,25.0,San Jose State,0,0.0,WR,,,,True
5096,Ray-Ray McCloud,Ray-Ray,McCloud,WR,ATL,34,69,185,28.0,Clemson,0,7.0,WR,,SWR,3.0,True
BAL,Baltimore Ravens,Baltimore,Ravens,DEF,BAL,,,0,0.0,,0,0.0,DEF,,,0.0,True
12711,Tyler Loop,Tyler,Loop,K,BAL,33,71,191,24.0,Arizona,0,0.0,K,,K,1.0,True
4683,Aaron Bailey,Aaron,Bailey,QB,BAL,8,"6'1""",230,,Northern Iowa,0,1.0,QB,,QB,4.0,True
4574,Cooper Rush,Cooper,Rush,QB,BAL,15,75,225,31.0,Central Michigan,0,8.0,QB,,QB,2.0,True
4881,Lamar Jackson,Lamar,Jackson,QB,BAL,8,74,205,28.0,Louisville,0,7.0,QB,Questionable,QB,1.0,True
7083,Tyler Huntley,Tyler,Huntley,QB,BAL,7,73,205,27.0,Utah,0,5.0,QB,,,,True
4924,Zach Terrell,Zach,Terrell,QB,BAL,0,"6'1""",206,24.0,Western Michigan,0,1.0,QB,,,,True
6694,D'Ernest Johnson,D'Ernest,Johnson,RB,BAL,30,70,208,29.0,South Florida,0,6.0,RB,,,,True
3198,Derrick Henry,Derrick,Henry,RB,BAL,22,74,252,31.0,Alabama,0,9.0,RB,,RB,1.0,True
5995,Justice Hill,Justice,Hill,RB,BAL,43,70,205,27.0,Oklahoma State,0,6.0,RB,,RB,2.0,True
9511,Keaton Mitchell,Keaton,Mitchell,RB,BAL,34,68,190,23.0,East Carolina,0,2.0,RB,,RB,3.0,True
11570,Rasheen Ali,Rasheen,Ali,RB,BAL,26,71,210,24.0,Marshall,0,1.0,RB,,RB,5.0,True
4744,Barrett Burns,Barrett,Burns,TE,BAL,0,"6'4""",250,23.0,Appalachian State,0,1.0,TE,,,,True
8127,Charlie Kolar,Charlie,Kolar,TE,BAL,88,78,265,26.0,Iowa State,0,3.0,TE,,TE,3.0,True
8131,Isaiah Likely,Isaiah,Likely,TE,BAL,80,76,245,25.0,Coastal Carolina,0,3.0,TE,Questionable,TE,2.0,True
5012,Mark Andrews,Mark,Andrews,TE,BAL,89,77,250,29.0,Oklahoma,0,7.0,TE,,TE,1.0,True
8799,Zaire Mitchell-Paden,Zaire,Mitchell-Paden,TE,BAL,84,77,257,26.0,Florida Atlantic,0,3.0,TE,,,,True
5013,Anthony Miller,Anthony,Miller,WR,BAL,6,71,195,30.0,Memphis,0,7.0,WR,,,,True
11964,Dayton Wade,Dayton,Wade,WR,BAL,82,69,184,24.0,Ole Miss,0,1.0,WR,IR,PR,9.0,True
1426,DeAndre Hopkins,DeAndre,Hopkins,WR,BAL,10,73,210,33.0,Clemson,0,12.0,WR,Questionable,LWR,3.0,True
11629,Devontez Walker,Devontez,Walker,WR,BAL,81,73,198,24.0,North Carolina,0,1.0,WR,,LWR,4.0,True
5134,Keith Kirkwood,Keith,Kirkwood,WR,BAL,18,75,210,30.0,Temple,0,7.0,WR,,,,True
12699,LaJohntay Wester,LaJohntay,Wester,WR,BAL,83,69,170,23.0,Colorado,0,0.0,WR,,SWR,6.0,True
7571,Rashod Bateman,Rashod,Bateman,WR,BAL,7,73,193,25.0,Minnesota,0,4.0,WR,,RWR,2.0,True
7595,Tylan Wallace,Tylan,Wallace,WR,BAL,16,71,200,26.0,Oklahoma State,0,4.0,WR,,SWR,5.0,True
9997,Zay Flowers,Zay,Flowers,WR,BAL,4,69,183,24.0,Boston College,0,2.0,WR,,SWR,1.0,True
BUF,Buffalo Bills,Buffalo,Bills,DEF,BUF,,,0,0.0,,0,0.0,DEF,,,0.0,True
7042,Tyler Bass,Tyler,Bass,K,BUF,2,70,183,28.0,Georgia Southern,0,5.0,K,,K,1.0,True
4984,Josh Allen,Josh,Allen,QB,BUF,17,77,237,29.0,Wyoming,0,7.0,QB,,QB,1.0,True
3976,Mitchell Trubisky,Mitchell,Trubisky,QB,BUF,11,75,222,31.0,North Carolina,0,8.0,QB,,QB,2.0,True
8002,Shane Buechele,Shane,Buechele,QB,BUF,6,72,210,27.0,SMU,0,4.0,QB,,,,True
11573,Frank Gore,Frank,Gore,RB,BUF,20,68,195,23.0,Southern Miss,0,1.0,RB,,,,True
8138,James Cook,James,Cook,RB,BUF,4,71,190,25.0,Georgia,0,3.0,RB,,RB,1.0,True
11575,Ray Davis,Ray,Davis,RB,BUF,22,68,220,25.0,Kentucky,0,1.0,RB,,RB,2.0,True
7204,Reggie Gilliam,Reggie,Gilliam,RB,BUF,41,72,244,28.0,Toledo,0,5.0,RB,,RB,4.0,True
6039,Ty Johnson,Ty,Johnson,RB,BUF,26,70,210,27.0,Maryland,0,6.0,RB,,RB,3.0,True
10236,Dalton Kincaid,Dalton,Kincaid,TE,BUF,86,76,240,25.0,Utah,0,2.0,TE,,TE,1.0,True
5906,Dawson Knox,Dawson,Knox,TE,BUF,88,76,254,28.0,Ole Miss,0,6.0,TE,,TE,2.0,True
12658,Jackson Hawes,Jackson,Hawes,TE,BUF,85,76,253,24.0,Georgia Tech,0,0.0,TE,,TE,3.0,True
12765,Keleki Latu,Keleki,Latu,TE,BUF,83,79,244,23.0,Washington,0,0.0,TE,,,,True
4082,Curtis Samuel,Curtis,Samuel,WR,BUF,1,71,195,29.0,Ohio State,0,8.0,WR,Questionable,SWR,4.0,True
7596,Elijah Moore,Elijah,Moore,WR,BUF,18,70,178,25.0,Ole Miss,0,4.0,WR,,RWR,5.0,True
7670,Joshua Palmer,Joshua,Palmer,WR,BUF,5,73,210,25.0,Tennessee,0,4.0,WR,,RWR,3.0,True
11637,Keon Coleman,Keon,Coleman,WR,BUF,0,76,215,22.0,Florida State,0,1.0,WR,,LWR,1.0,True
8134,Khalil Shakir,Khalil,Shakir,WR,BUF,10,72,190,25.0,Boise State,0,3.0,WR,Questionable,SWR,2.0,True
7438,Kristian Wilkerson,Kristian,Wilkerson,WR,BUF,82,73,214,28.0,Southeast Missouri State,0,5.0,WR,,,,True
12756,Stephen Gosnell,Stephen,Gosnell,WR,BUF,89,74,198,,Virginia Tech,0,0.0,WR,,,,True
11377,Tyrell Shavers,Tyrell,Shavers,WR,BUF,80,76,211,26.0,San Diego State,0,2.0,WR,,LWR,6.0,True
CAR,Carolina Panthers,Carolina,Panthers,DEF,CAR,,,0,0.0,,0,0.0,DEF,,,0.0,True
7933,Alex Kessman,Alex,Kessman,K,CAR,19,75,190,24.0,Pittsburgh,0,1.0,K,,,,True
12961,Ryan Fitzgerald,Ryan,Fitzgerald,K,CAR,35,71,193,,Florida State,0,0.0,K,,K,1.0,True
829,Andy Dalton,Andy,Dalton,QB,CAR,14,74,220,37.0,TCU,0,14.0,QB,Questionable,QB,2.0,True
9228,Bryce Young,Bryce,Young,QB,CAR,9,70,204,24.0,Alabama,0,2.0,QB,,QB,1.0,True
9998,Hendon Hooker,Hendon,Hooker,QB,CAR,12,75,220,27.0,Tennessee,0,2.0,QB,,,,True
7594,Chuba Hubbard,Chuba,Hubbard,RB,CAR,30,73,210,26.0,Oklahoma State,0,4.0,RB,,RB,1.0,True
6931,DeeJay Dallas,DeeJay,Dallas,RB,CAR,20,70,225,26.0,Miami (FL),0,5.0,RB,,,,True
11583,Jonathon Brooks,Jonathon,Brooks,RB,CAR,24,72,207,22.0,Texas,0,1.0,RB,PUP,RB,5.0,True
7021,Rico Dowdle,Rico,Dowdle,RB,CAR,5,71,215,27.0,South Carolina,0,5.0,RB,,RB,2.0,True
12531,Trevor Etienne,Trevor,Etienne,RB,CAR,23,68,198,21.0,Georgia,0,0.0,RB,,RB,3.0,True
12959,Bryce Pierre,Bryce,Pierre,TE,CAR,45,77,255,,UCLA,0,0.0,TE,,,,True
11600,Ja'Tavion Sanders,Ja'Tavion,Sanders,TE,CAR,0,76,252,22.0,Texas,0,1.0,TE,,TE,1.0,True
8170,James Mitchell,James,Mitchell,TE,CAR,85,76,249,26.0,Virginia Tech,0,3.0,TE,,TE,5.0,True
12473,Mitchell Evans,Mitchell,Evans,TE,CAR,84,77,258,22.0,Notre Dame,0,0.0,TE,,TE,3.0,True
7694,Tommy Tremble,Tommy,Tremble,TE,CAR,82,76,250,25.0,Notre Dame,0,4.0,TE,Questionable,TE,2.0,True
4490,Wyatt Houston,Wyatt,Houston,TE,CAR,85,"6'5""",255,23.0,Utah State,0,1.0,TE,,TE,40.0,True
11615,Ainias Smith,Ainias,Smith,WR,CAR,82,69,176,24.0,Texas A&M,0,1.0,WR,,,,True
11157,Brycen Tremayne,Brycen,Tremayne,WR,CAR,87,76,212,25.0,Stanford,0,2.0,WR,,RWR,7.0,True
13202,Dalevon Campbell,Dalevon,Campbell,WR,CAR,86,76,220,,South Carolina,0,0.0,WR,,RWR,9.0,True
4274,David Moore,David,Moore,WR,CAR,83,72,220,30.0,East Central,0,8.0,WR,,LWR,4.0,True
13179,Ja'seem Reed,Ja'seem,Reed,WR,CAR,88,74,195,,San Diego,0,0.0,WR,,,,True
11646,Jalen Coker,Jalen,Coker,WR,CAR,18,75,213,23.0,Holy Cross,0,1.0,WR,,SWR,3.0,True
12523,Jimmy Horn,Jimmy,Horn,WR,CAR,15,68,174,22.0,Colorado,0,0.0,WR,,SWR,5.0,True
7618,Micah Simon,Micah,Simon,WR,CAR,81,73,195,,Brigham Young,0,1.0,WR,,,,True
12526,Tetairoa McMillan,Tetairoa,McMillan,WR,CAR,4,77,212,22.0,Arizona,0,0.0,WR,Questionable,LWR,1.0,True
11626,Xavier Legette,Xavier,Legette,WR,CAR,17,75,227,24.0,South Carolina,0,1.0,WR,,RWR,2.0,True
CHI,Chicago Bears,Chicago,Bears,DEF,CHI,,,0,0.0,,0,0.0,DEF,,,0.0,True
2020,Cairo Santos,Cairo,Santos,K,CHI,8,68,173,33.0,Tulane,0,11.0,K,,K,1.0,True
11560,Caleb Williams,Caleb,Williams,QB,CHI,18,73,226,23.0,USC,0,1.0,QB,,QB,1.0,True
1737,Case Keenum,Case,Keenum,QB,CHI,11,73,220,37.0,Houston,0,13.0,QB,Questionable,QB,3.0,True
11256,Tyson Bagent,Tyson,Bagent,QB,CHI,17,75,212,25.0,Shepherd (WV),0,2.0,QB,,QB,2.0,True
8423,Brittain Brown,Brittain,Brown,RB,CHI,38,73,205,27.0,UCLA,0,3.0,RB,,,,True
6790,D'Andre Swift,D'Andre,Swift,RB,CHI,4,68,204,26.0,Georgia,0,5.0,RB,,RB,1.0,True
13080,Deion Hankins,Deion,Hankins,RB,CHI,35,71,226,24.0,Texas State,0,0.0,RB,IR,RB,6.0,True
12534,Kyle Monangai,Kyle,Monangai,RB,CHI,25,68,207,23.0,Rutgers,0,0.0,RB,Questionable,RB,3.0,True
10235,Roschon Johnson,Roschon,Johnson,RB,CHI,23,72,227,24.0,Texas,0,2.0,RB,Questionable,RB,2.0,True
6012,Travis Homer,Travis,Homer,RB,CHI,21,70,211,27.0,Miami (FL),0,6.0,RB,IR,RB,4.0,True
6826,Cole Kmet,Cole,Kmet,TE,CHI,85,78,257,26.0,Notre Dame,0,5.0,TE,,TE,2.0,True
12517,Colston Loveland,Colston,Loveland,TE,CHI,84,78,241,21.0,Michigan,0,0.0,TE,,TE,1.0,True
5008,Durham Smythe,Durham,Smythe,TE,CHI,81,77,248,30.0,Notre Dame,0,7.0,TE,,TE,3.0,True
4930,Franko House,Franko,House,TE,CHI,0,"6'6""",247,23.0,Ball State,0,1.0,TE,,,,True
8107,Nikola Kalinic,Nikola,Kalinic,TE,CHI,88,76,248,28.0,York (CAN),0,3.0,TE,,,,True
6451,Stephen Carlson,Stephen,Carlson,TE,CHI,88,76,248,28.0,Princeton,0,6.0,TE,,,,True
4983,DJ Moore,DJ,Moore,WR,CHI,2,72,213,28.0,Maryland,0,7.0,WR,,RWR,1.0,True
6847,Devin Duvernay,Devin,Duvernay,WR,CHI,12,71,202,27.0,Texas,0,5.0,WR,,SWR,5.0,True
12746,JP Richardson,JP,Richardson,WR,CHI,26,71,192,,TCU,0,0.0,WR,,,,True
13079,Jahdae Walker,Jahdae,Walker,WR,CHI,10,75,206,,Texas A&M,0,0.0,WR,,RWR,9.0,True
12519,Luther Burden,Luther,Burden,WR,CHI,13,72,210,21.0,Missouri,0,0.0,WR,,SWR,4.0,True
8921,Maurice Alexander,Maurice,Alexander,WR,CHI,13,70,173,28.0,Florida International,0,3.0,WR,,,,True
5965,Miles Boykin,Miles,Boykin,WR,CHI,80,75,231,28.0,Notre Dame,0,6.0,WR,,,,True
6271,Olamide Zaccheaus,Olamide,Zaccheaus,WR,CHI,14,68,199,28.0,Virginia,0,6.0,WR,,SWR,3.0,True
11620,Rome Odunze,Rome,Odunze,WR,CHI,15,75,214,23.0,Washington,0,1.0,WR,,LWR,2.0,True
5638,Shaq Roland,Shaq,Roland,WR,CHI,6,"6'2""",170,,West Georgia,0,1.0,WR,,,,True
6465,Thomas Ives,Thomas,Ives,WR,CHI,0,76,218,25.0,Colgate,0,3.0,WR,Questionable,,,True
CIN,Cincinnati Bengals,Cincinnati,Bengals,DEF,CIN,,,0,0.0,,0,0.0,DEF,,,0.0,True
7839,Evan McPherson,Evan,McPherson,K,CIN,2,71,185,26.0,Florida,0,4.0,K,,K,1.0,True
6037,Brett Rypien,Brett,Rypien,QB,CIN,11,74,210,29.0,Boise State,0,6.0,QB,,,,True
6111,Jake Browning,Jake,Browning,QB,CIN,6,74,209,29.0,Washington,0,6.0,QB,,QB,2.0,True
6770,Joe Burrow,Joe,Burrow,QB,CIN,9,76,215,28.0,LSU,0,5.0,QB,,QB,1.0,True
9224,Chase Brown,Chase,Brown,RB,CIN,30,70,210,25.0,Illinois,0,2.0,RB,,RB,1.0,True
7529,Gary Brightwell,Gary,Brightwell,RB,CIN,32,73,218,27.0,Arizona,0,4.0,RB,,,,True
11649,Kendall Milton,Kendall,Milton,RB,CIN,36,73,230,23.0,Georgia,0,1.0,RB,,,,True
4147,Samaje Perine,Samaje,Perine,RB,CIN,34,71,240,29.0,Oklahoma,0,8.0,RB,,RB,2.0,True
12543,Tahj Brooks,Tahj,Brooks,RB,CIN,25,69,220,23.0,Texas Tech,0,0.0,RB,,RB,3.0,True
12062,Cam Grandy,Cam,Grandy,TE,CIN,85,77,253,25.0,Illinois State,0,1.0,TE,,TE,5.0,True
6001,Drew Sample,Drew,Sample,TE,CIN,89,77,260,29.0,Washington,0,6.0,TE,Questionable,TE,3.0,True
11592,Erick All,Erick,All,TE,CIN,83,77,255,24.0,Iowa,0,1.0,TE,PUP,TE,7.0,True
4993,Mike Gesicki,Mike,Gesicki,TE,CIN,88,78,245,29.0,Penn State,0,7.0,TE,Questionable,TE,1.0,True
5857,Noah Fant,Noah,Fant,TE,CIN,86,76,249,27.0,Iowa,0,6.0,TE,,TE,2.0,True
5409,Tanner Hudson,Tanner,Hudson,TE,CIN,87,77,241,30.0,Southern Arkansas,0,7.0,TE,,TE,4.0,True
11598,Tanner McLachlan,Tanner,McLachlan,TE,CIN,84,77,244,26.0,Arizona,0,1.0,TE,IR,TE,6.0,True
10226,Andrei Iosivas,Andrei,Iosivas,WR,CIN,80,75,210,25.0,Princeton,0,2.0,WR,,SWR,3.0,True
10228,Charlie Jones,Charlie,Jones,WR,CIN,15,72,190,26.0,Purdue,0,2.0,WR,,SWR,5.0,True
11608,Isaiah Williams,Isaiah,Williams,WR,CIN,18,70,185,24.0,Illinois,0,1.0,WR,,,,True
7564,Ja'Marr Chase,Ja'Marr,Chase,WR,CIN,1,72,205,25.0,LSU,0,4.0,WR,,LWR,1.0,True
11640,Jermaine Burton,Jermaine,Burton,WR,CIN,81,72,204,24.0,Alabama,0,1.0,WR,Questionable,LWR,4.0,True
12761,Jordan Moore,Jordan,Moore,WR,CIN,14,72,191,23.0,Duke,0,0.0,WR,,,,True
11068,Mitchell Tinsley,Mitchell,Tinsley,WR,CIN,82,73,205,25.0,Penn State,0,2.0,WR,,RWR,6.0,True
6801,Tee Higgins,Tee,Higgins,WR,CIN,5,76,220,26.0,Clemson,0,5.0,WR,,RWR,2.0,True
CLE,Cleveland Browns,Cleveland,Browns,DEF,CLE,,,0,0.0,,0,0.0,DEF,,,0.0,True
11261,Andre Szmyt,Andre,Szmyt,K,CLE,47,72,200,26.0,Syracuse,0,3.0,K,,K,2.0,True
8157,Bailey Zappe,Bailey,Zappe,QB,CLE,11,73,215,26.0,Western Kentucky,0,3.0,QB,,,,True
4017,Deshaun Watson,Deshaun,Watson,QB,CLE,4,75,223,29.0,Clemson,0,8.0,QB,PUP,QB,3.0,True
12486,Dillon Gabriel,Dillon,Gabriel,QB,CLE,5,71,205,24.0,Oregon,0,0.0,QB,,QB,2.0,True
19,Joe Flacco,Joe,Flacco,QB,CLE,15,78,245,40.0,Delaware,0,17.0,QB,,QB,1.0,True
12524,Shedeur Sanders,Shedeur,Sanders,QB,CLE,12,74,212,23.0,Colorado,0,0.0,QB,,QB,5.0,True
12797,Ahmani Marshall,Ahmani,Marshall,RB,CLE,39,73,225,,Appalachian State,0,0.0,RB,,,,True
7048,Benny LeMay,Benny,LeMay,RB,CLE,16,68,220,24.0,Charlotte,0,2.0,RB,,,,True
12469,Dylan Sampson,Dylan,Sampson,RB,CLE,22,68,200,20.0,Tennessee,0,0.0,RB,,RB,2.0,True
8143,Jerome Ford,Jerome,Ford,RB,CLE,34,70,210,25.0,Cincinnati,0,3.0,RB,,RB,1.0,True
12512,Quinshon Judkins,Quinshon,Judkins,RB,CLE,10,71,221,21.0,Ohio State,0,0.0,RB,,RB,6.0,True
12472,Raheim Sanders,Raheim,Sanders,RB,CLE,35,72,230,23.0,South Carolina,0,0.0,RB,,RB,3.0,True
6144,Trayveon Williams,Trayveon,Williams,RB,CLE,36,68,206,27.0,Texas A&M,0,6.0,RB,,,,True
11201,Blake Whiteheart,Blake,Whiteheart,TE,CLE,86,76,250,25.0,Wake Forest,0,2.0,TE,Questionable,TE,3.0,True
12374,Brenden Bates,Brenden,Bates,TE,CLE,82,77,255,25.0,Kentucky,0,1.0,TE,,,,True
4033,David Njoku,David,Njoku,TE,CLE,85,76,246,29.0,Miami (FL),0,8.0,TE,,TE,1.0,True
12506,Harold Fannin,Harold,Fannin,TE,CLE,88,76,241,21.0,Bowling Green,0,0.0,TE,,TE,2.0,True
8089,Sal Cannella,Sal,Cannella,TE,CLE,87,77,242,28.0,Auburn,0,2.0,TE,,,,True
10444,Cedric Tillman,Cedric,Tillman,WR,CLE,19,75,215,25.0,Tennessee,0,2.0,WR,,LWR,2.0,True
8118,David Bell,David,Bell,WR,CLE,18,73,212,24.0,Purdue,0,3.0,WR,PUP,RWR,7.0,True
2750,DeAndre Carter,DeAndre,Carter,WR,CLE,2,68,190,32.0,Sacramento State,0,10.0,WR,,RWR,4.0,True
13101,Gage Larvadain,Gage,Larvadain,WR,CLE,84,68,171,,South Carolina,0,0.0,WR,,SWR,9.0,True
12503,Isaiah Bond,Isaiah,Bond,WR,CLE,81,71,180,21.0,Texas,0,0.0,WR,,LWR,6.0,True
11633,Jamari Thrash,Jamari,Thrash,WR,CLE,80,72,190,24.0,Louisville,0,1.0,WR,,SWR,3.0,True
6783,Jerry Jeudy,Jerry,Jeudy,WR,CLE,3,73,195,26.0,Alabama,0,5.0,WR,,RWR,1.0,True
8755,Kaden Davis,Kaden,Davis,WR,CLE,89,73,193,26.0,Northwest Missouri State,0,3.0,WR,,,,True
11617,Malachi Corley,Malachi,Corley,WR,CLE,83,71,215,23.0,Western Kentucky,0,1.0,WR,,,,True
DAL,Dallas Cowboys,Dallas,Cowboys,DEF,DAL,,,0,0.0,,0,0.0,DEF,,,0.0,True
11533,Brandon Aubrey,Brandon,Aubrey,K,DAL,17,75,218,30.0,Notre Dame,0,2.0,K,,K,1.0,True
3294,Dak Prescott,Dak,Prescott,QB,DAL,4,74,238,32.0,Mississippi State,0,9.0,QB,,QB,1.0,True
11557,Joe Milton,Joe,Milton,QB,DAL,10,77,246,25.0,Tennessee,0,1.0,QB,,QB,2.0,True
5903,Will Grier,Will,Grier,QB,DAL,15,73,220,30.0,West Virginia,0,6.0,QB,,,,True
5004,Ito Smith,Ito,Smith,RB,DAL,43,69,195,26.0,Southern Miss,0,4.0,RB,,,,True
7588,Javonte Williams,Javonte,Williams,RB,DAL,33,70,220,25.0,North Carolina,0,4.0,RB,,RB,1.0,True
12457,Jaydon Blue,Jaydon,Blue,RB,DAL,23,69,196,21.0,Texas,0,0.0,RB,Questionable,RB,2.0,True
8800,Malik Davis,Malik,Davis,RB,DAL,21,71,202,26.0,Florida,0,3.0,RB,,,,True
6151,Miles Sanders,Miles,Sanders,RB,DAL,24,71,211,28.0,Penn State,0,6.0,RB,Questionable,RB,3.0,True
12738,Phil Mafah,Phil,Mafah,RB,DAL,37,72,234,22.0,Clemson,0,0.0,RB,IR,RB,6.0,True
11593,Brevyn Spann-Ford,Brevyn,Spann-Ford,TE,DAL,89,79,270,25.0,Minnesota,0,1.0,TE,,TE,3.0,True
8110,Jake Ferguson,Jake,Ferguson,TE,DAL,87,77,244,26.0,Wisconsin,0,3.0,TE,,TE,1.0,True
11511,John Stephens,John,Stephens,TE,DAL,49,77,221,25.0,Louisiana,0,2.0,TE,IR,TE,5.0,True
10871,Luke Schoonmaker,Luke,Schoonmaker,TE,DAL,86,77,250,26.0,Michigan,0,2.0,TE,Questionable,TE,2.0,True
11508,Princeton Fant,Princeton,Fant,TE,DAL,85,74,235,26.0,Tennessee,0,2.0,TE,,,,True
12851,Rivaldo Fairweather,Rivaldo,Fairweather,TE,DAL,45,75,249,23.0,Auburn,0,0.0,TE,,,,True
6786,CeeDee Lamb,CeeDee,Lamb,WR,DAL,88,74,200,26.0,Oklahoma,0,5.0,WR,,LWR,1.0,True
8137,George Pickens,George,Pickens,WR,DAL,3,75,200,24.0,Georgia,0,3.0,WR,,RWR,2.0,True
11034,Jalen Brooks,Jalen,Brooks,WR,DAL,83,74,205,25.0,South Carolina,0,2.0,WR,,,,True
11506,Jalen Cropper,Jalen,Cropper,WR,DAL,16,72,172,24.0,Fresno State,0,2.0,WR,,,,True
8117,Jalen Tolbert,Jalen,Tolbert,WR,DAL,1,73,195,26.0,South Alabama,0,3.0,WR,,SWR,4.0,True
10225,Jonathan Mingo,Jonathan,Mingo,WR,DAL,81,74,220,24.0,Ole Miss,0,2.0,WR,IR,LWR,6.0,True
8917,KaVontae Turpin,KaVontae,Turpin,WR,DAL,9,69,153,29.0,TCU,0,3.0,WR,,SWR,3.0,True
12849,Traeshon Holden,Traeshon,Holden,WR,DAL,7,75,205,24.0,Oregon,0,0.0,WR,,,,True
DEN,Denver Broncos,Denver,Broncos,DEF,DEN,,,0,0.0,,0,0.0,DEF,,,0.0,True
3678,Wil Lutz,Wil,Lutz,K,DEN,3,71,184,31.0,Georgia State,0,9.0,K,,K,1.0,True
11563,Bo Nix,Bo,Nix,QB,DEN,10,74,217,25.0,Oregon,0,1.0,QB,,QB,1.0,True
6136,Jarrett Stidham,Jarrett,Stidham,QB,DEN,8,75,215,29.0,Auburn,0,6.0,QB,,QB,2.0,True
7583,Sam Ehlinger,Sam,Ehlinger,QB,DEN,4,73,222,26.0,Texas,0,4.0,QB,,,,True
7093,Adrian Killins,Adrian,Killins,RB,DEN,17,68,164,24.0,UCF,0,2.0,RB,,,,True
6806,J.K. Dobbins,J.K.,Dobbins,RB,DEN,27,70,212,26.0,Ohio State,0,5.0,RB,,RB,2.0,True
11439,Jaleel McLaughlin,Jaleel,McLaughlin,RB,DEN,38,67,187,24.0,Youngstown State,0,2.0,RB,,RB,3.0,True
12489,RJ Harvey,RJ,Harvey,RB,DEN,37,68,205,24.0,UCF,0,0.0,RB,,RB,1.0,True
8208,Tyler Badie,Tyler,Badie,RB,DEN,28,68,197,25.0,Missouri,0,3.0,RB,,RB,4.0,True
6869,Adam Trautman,Adam,Trautman,TE,DEN,82,77,253,28.0,Dayton,0,5.0,TE,,TE,2.0,True
12735,Caleb Lohner,Caleb,Lohner,TE,DEN,84,79,250,23.0,Utah,0,0.0,TE,,,,True
4066,Evan Engram,Evan,Engram,TE,DEN,1,75,240,30.0,Ole Miss,0,8.0,TE,,TE,1.0,True
8249,Lucas Krull,Lucas,Krull,TE,DEN,85,78,260,27.0,Pittsburgh,0,3.0,TE,,TE,3.0,True
11433,Nate Adkins,Nate,Adkins,TE,DEN,45,75,252,26.0,South Carolina,0,2.0,TE,Out,TE,4.0,True
11245,Patrick Murtagh,Patrick,Murtagh,TE,DEN,,78,250,25.0,,0,1.0,TE,,,,True
10863,A.T. Perry,A.T.,Perry,WR,DEN,87,77,205,25.0,Wake Forest,0,2.0,WR,,,,True
5045,Courtland Sutton,Courtland,Sutton,WR,DEN,14,76,216,29.0,SMU,0,7.0,WR,,LWR,1.0,True
9494,Marvin Mims,Marvin,Mims,WR,DEN,19,71,182,23.0,Oklahoma,0,2.0,WR,Questionable,RWR,2.0,True
8076,Michael Bandy,Michael,Bandy,WR,DEN,83,70,190,27.0,San Diego,0,4.0,WR,,,,True
1604,Nick Williams,Nick,Williams,WR,DEN,0,70,184,32.0,UConn,0,10.0,WR,,,,True
12492,Pat Bryant,Pat,Bryant,WR,DEN,13,74,204,22.0,Illinois,0,0.0,WR,,LWR,4.0,True
5154,Trent Sherfield,Trent,Sherfield,WR,DEN,5,73,205,29.0,Vanderbilt,0,7.0,WR,,RWR,5.0,True
11627,Troy Franklin,Troy,Franklin,WR,DEN,11,75,180,22.0,Oregon,0,1.0,WR,,SWR,3.0,True
DET,Detroit Lions,Detroit,Lions,DEF,DET,,,0,0.0,,0,0.0,DEF,,,0.0,True
11539,Jake Bates,Jake,Bates,K,DET,39,70,202,26.0,Arkansas,0,2.0,K,,K,1.0,True
3163,Jared Goff,Jared,Goff,QB,DET,16,76,217,30.0,California,0,9.0,QB,,QB,1.0,True
5127,Kyle Allen,Kyle,Allen,QB,DET,8,75,210,29.0,Houston,0,7.0,QB,,QB,2.0,True
6659,Craig Reynolds,Craig,Reynolds,RB,DET,13,71,216,29.0,Kutztown,0,6.0,RB,,RB,3.0,True
5892,David Montgomery,David,Montgomery,RB,DET,5,71,230,28.0,Iowa State,0,6.0,RB,,RB,2.0,True
11237,Jacob Saylors,Jacob,Saylors,RB,DET,48,71,195,24.0,East Tennessee State,0,2.0,RB,,,,True
9221,Jahmyr Gibbs,Jahmyr,Gibbs,RB,DET,0,69,202,23.0,Alabama,0,2.0,RB,,RB,1.0,True
12954,Kye Robichaux,Kye,Robichaux,RB,DET,25,72,217,22.0,Boston College,0,0.0,RB,IR,RB,6.0,True
6992,Michael Warren,Michael,Warren,RB,DET,0,71,224,23.0,Cincinnati,0,2.0,RB,,,,True
11729,Sione Vaki,Sione,Vaki,RB,DET,33,71,216,24.0,Utah,0,1.0,RB,,RB,4.0,True
7891,Brock Wright,Brock,Wright,TE,DET,89,77,254,26.0,Notre Dame,0,4.0,TE,,TE,2.0,True
7597,Kenny Yeboah,Kenny,Yeboah,TE,DET,88,76,250,26.0,Ole Miss,0,4.0,TE,IR,TE,4.0,True
10859,Sam LaPorta,Sam,LaPorta,TE,DET,87,75,245,24.0,Iowa,0,2.0,TE,,TE,1.0,True
8041,Shane Zylstra,Shane,Zylstra,TE,DET,84,76,244,28.0,Minnesota State,0,4.0,TE,,TE,3.0,True
13110,Zach Horton,Zach,Horton,TE,DET,40,76,252,,Indiana,0,0.0,TE,,,,True
7547,Amon-Ra St. Brown,Amon-Ra,St. Brown,WR,DET,14,72,202,25.0,USC,0,4.0,WR,,SWR,1.0,True
12732,Dominic Lovett,Dominic,Lovett,WR,DET,19,70,185,22.0,Georgia,0,0.0,WR,,SWR,7.0,True
12535,Isaac TeSlaa,Isaac,TeSlaa,WR,DET,18,76,214,23.0,Arkansas,0,0.0,WR,,LWR,3.0,True
12938,Jackson Meeks,Jackson,Meeks,WR,DET,83,74,218,22.0,Syracuse,0,0.0,WR,,,,True
8148,Jameson Williams,Jameson,Williams,WR,DET,1,73,182,24.0,Alabama,0,3.0,WR,,RWR,2.0,True
3634,Kalif Raymond,Kalif,Raymond,WR,DET,11,68,180,31.0,Holy Cross,0,9.0,WR,,LWR,4.0,True
10221,Ronnie Bell,Ronnie,Bell,WR,DET,10,72,195,25.0,Michigan,0,2.0,WR,,,,True
6588,Tom Kennedy,Tom,Kennedy,WR,DET,85,70,195,29.0,Bryant,0,6.0,WR,,,,True
GB,Green Bay Packers,Green Bay,Packers,DEF,GB,,,0,0.0,,0,0.0,DEF,,,0.0,True
1433,Brandon McManus,Brandon,McManus,K,GB,17,75,201,34.0,Temple,0,12.0,K,,K,1.0,True
13237,Mark McNamee,Mark,McNamee,K,GB,41,76,208,25.0,,0,0.0,K,,,,True
10217,Clayton Tune,Clayton,Tune,QB,GB,19,75,220,26.0,Houston,0,2.0,QB,,,,True
6804,Jordan Love,Jordan,Love,QB,GB,10,76,219,26.0,Utah State,0,5.0,QB,,QB,1.0,True
8161,Malik Willis,Malik,Willis,QB,GB,2,73,225,26.0,Liberty,0,3.0,QB,,QB,2.0,True
11370,Chris Brooks,Chris,Brooks,RB,GB,30,73,219,25.0,BYU,0,2.0,RB,,RB,3.0,True
11435,Emanuel Wilson,Emanuel,Wilson,RB,GB,31,70,226,26.0,Fort Valley State,0,2.0,RB,,RB,2.0,True
9227,Israel Abanikanda,Israel,Abanikanda,RB,GB,23,70,217,22.0,Pittsburgh,0,2.0,RB,,,,True
5850,Josh Jacobs,Josh,Jacobs,RB,GB,8,70,223,27.0,Alabama,0,6.0,RB,,RB,1.0,True
6175,Kerrith Whyte,Kerrith,Whyte,RB,GB,34,70,204,25.0,Florida Atlantic,0,3.0,RB,,,,True
11581,MarShawn Lloyd,MarShawn,Lloyd,RB,GB,32,69,220,24.0,USC,0,1.0,RB,IR,RB,4.0,True
11082,Ben Sims,Ben,Sims,TE,GB,89,77,250,25.0,Baylor,0,2.0,TE,,TE,4.0,True
3239,Bronson Kaufusi,Bronson,Kaufusi,TE,GB,45,78,270,30.0,BYU,0,6.0,TE,,,,True
5957,Isaac Nauta,Isaac,Nauta,TE,GB,82,75,246,24.0,Georgia,0,3.0,TE,Questionable,,,True
8500,John FitzPatrick,John,FitzPatrick,TE,GB,86,79,262,25.0,Georgia,0,3.0,TE,,TE,5.0,True
10212,Josh Whyle,Josh,Whyle,TE,GB,81,79,248,25.0,Cincinnati,0,2.0,TE,,,,True
9481,Luke Musgrave,Luke,Musgrave,TE,GB,88,78,253,24.0,Oregon State,0,2.0,TE,,TE,2.0,True
9484,Tucker Kraft,Tucker,Kraft,TE,GB,85,77,259,24.0,South Dakota State,0,2.0,TE,,TE,1.0,True
8204,Bo Melton,Bo,Melton,WR,GB,16,71,189,26.0,Rutgers,0,3.0,WR,,LCB,3.0,True
8167,Christian Watson,Christian,Watson,WR,GB,9,76,208,26.0,North Dakota State,0,3.0,WR,PUP,RWR,8.0,True
6540,DeAndre Thompkins,DeAndre,Thompkins,WR,GB,6,71,188,26.0,Penn State,0,3.0,WR,Questionable,,,True
9486,Dontayvion Wicks,Dontayvion,Wicks,WR,GB,13,73,206,24.0,Virginia,0,2.0,WR,Questionable,SWR,4.0,True
13074,Isaiah Neyor,Isaiah,Neyor,WR,GB,80,76,218,24.0,Nebraska,0,0.0,WR,,,,True
10222,Jayden Reed,Jayden,Reed,WR,GB,11,71,187,25.0,Michigan State,0,2.0,WR,Questionable,SWR,2.0,True
11210,Malik Heath,Malik,Heath,WR,GB,18,74,213,25.0,Ole Miss,0,2.0,WR,,LWR,6.0,True
12501,Matthew Golden,Matthew,Golden,WR,GB,22,71,191,22.0,Texas,0,0.0,WR,,RWR,1.0,True
5917,Mecole Hardman,Mecole,Hardman,WR,GB,6,70,187,27.0,Georgia,0,6.0,WR,,,,True
8121,Romeo Doubs,Romeo,Doubs,WR,GB,87,74,204,25.0,Nevada,0,3.0,WR,,LWR,3.0,True
12482,Savion Williams,Savion,Williams,WR,GB,83,76,222,23.0,TCU,0,0.0,WR,Questionable,LWR,7.0,True
12788,Will Sheppard,Will,Sheppard,WR,GB,82,75,196,23.0,Colorado,0,0.0,WR,,,,True
HOU,Houston Texans,Houston,Texans,DEF,HOU,,,0,0.0,,0,0.0,DEF,,,0.0,True
3451,Ka'imi Fairbairn,Ka'imi,Fairbairn,K,HOU,15,72,183,31.0,UCLA,0,9.0,K,,K,1.0,True
9758,C.J. Stroud,C.J.,Stroud,QB,HOU,7,75,218,23.0,Ohio State,0,2.0,QB,,QB,1.0,True
7585,Davis Mills,Davis,Mills,QB,HOU,10,76,225,26.0,Stanford,0,4.0,QB,,QB,2.0,True
12705,Graham Mertz,Graham,Mertz,QB,HOU,18,74,216,24.0,Florida,0,0.0,QB,,QB,3.0,True
12171,British Brooks,British,Brooks,RB,HOU,44,71,225,25.0,North Carolina,0,1.0,RB,,RB,8.0,True
8129,Dameon Pierce,Dameon,Pierce,RB,HOU,31,70,215,25.0,Florida,0,3.0,RB,,RB,3.0,True
4718,Dare Ogunbowale,Dare,Ogunbowale,RB,HOU,33,70,205,31.0,Wisconsin,0,8.0,RB,,RB,4.0,True
11588,Jawhar Jordan,Jawhar,Jordan,RB,HOU,22,70,186,26.0,Louisville,0,1.0,RB,,,,True
4018,Joe Mixon,Joe,Mixon,RB,HOU,28,73,220,29.0,Oklahoma,0,8.0,RB,PUP,RB,5.0,True
4988,Nick Chubb,Nick,Chubb,RB,HOU,21,71,227,29.0,Georgia,0,7.0,RB,,RB,1.0,True
12474,Woody Marks,Woody,Marks,RB,HOU,27,70,208,24.0,USC,0,0.0,RB,,RB,2.0,True
7568,Brevin Jordan,Brevin,Jordan,TE,HOU,9,75,245,25.0,Miami (FL),0,4.0,TE,IR,TE,5.0,True
11599,Cade Stover,Cade,Stover,TE,HOU,87,76,251,25.0,Ohio State,0,1.0,TE,,TE,2.0,True
5001,Dalton Schultz,Dalton,Schultz,TE,HOU,86,77,242,29.0,Stanford,0,7.0,TE,,TE,1.0,True
6850,Harrison Bryant,Harrison,Bryant,TE,HOU,88,77,243,27.0,Florida Atlantic,0,5.0,TE,,,,True
6126,Irv Smith,Irv,Smith,TE,HOU,83,74,242,27.0,Alabama,0,6.0,TE,IR,TE,4.0,True
12725,Luke Lachey,Luke,Lachey,TE,HOU,42,78,247,24.0,Iowa,0,0.0,TE,,,,True
5121,Braxton Berrios,Braxton,Berrios,WR,HOU,17,69,185,29.0,Miami (FL),0,7.0,WR,,SWR,7.0,True
4950,Christian Kirk,Christian,Kirk,WR,HOU,13,71,200,28.0,Texas A&M,0,7.0,WR,,SWR,2.0,True
11056,Jared Wayne,Jared,Wayne,WR,HOU,14,75,210,24.0,Pittsburgh,0,2.0,WR,,,,True
12484,Jayden Higgins,Jayden,Higgins,WR,HOU,81,76,215,22.0,Iowa State,0,0.0,WR,,RWR,3.0,True
12536,Jaylin Noel,Jaylin,Noel,WR,HOU,82,71,201,22.0,Iowa State,0,0.0,WR,,SWR,5.0,True
12848,Josh Kelly,Josh,Kelly,WR,HOU,73,73,195,24.0,Texas Tech,0,0.0,WR,,,,True
5374,Justin Watson,Justin,Watson,WR,HOU,84,74,215,29.0,Pennsylvania,0,7.0,WR,,RWR,6.0,True
6223,Juwann Winfree,Juwann,Winfree,WR,HOU,15,75,215,28.0,Colorado,0,6.0,WR,IR,RWR,8.0,True
7569,Nico Collins,Nico,Collins,WR,HOU,12,76,222,26.0,Michigan,0,4.0,WR,,LWR,1.0,True
9502,Tank Dell,Tank,Dell,WR,HOU,3,70,165,25.0,Houston,0,2.0,WR,PUP,LWR,9.0,True
10218,Xavier Hutchinson,Xavier,Hutchinson,WR,HOU,19,75,210,25.0,Iowa State,0,2.0,WR,,LWR,4.0,True
IND,Indianapolis Colts,Indianapolis,Colts,DEF,IND,,,0,0.0,,0,0.0,DEF,,,0.0,True
12185,Spencer Shrader,Spencer,Shrader,K,IND,3,74,201,26.0,Notre Dame,0,1.0,K,,K,1.0,True
9229,Anthony Richardson,Anthony,Richardson,QB,IND,5,76,244,23.0,Florida,0,2.0,QB,,QB,2.0,True
5870,Daniel Jones,Daniel,Jones,QB,IND,17,77,230,28.0,Duke,0,6.0,QB,,QB,1.0,True
7262,Jalen Morton,Jalen,Morton,QB,IND,6,76,226,24.0,Prairie View,0,2.0,QB,,,,True
12470,Riley Leonard,Riley,Leonard,QB,IND,15,76,213,22.0,Notre Dame,0,0.0,QB,,QB,3.0,True
12471,DJ Giddens,DJ,Giddens,RB,IND,21,72,212,22.0,Kansas State,0,0.0,RB,,RB,2.0,True
6813,Jonathan Taylor,Jonathan,Taylor,RB,IND,28,70,226,26.0,Wisconsin,0,5.0,RB,,RB,1.0,True
6918,Salvon Ahmed,Salvon,Ahmed,RB,IND,36,71,197,26.0,Washington,0,5.0,RB,IR,RB,4.0,True
8207,Tyler Goodson,Tyler,Goodson,RB,IND,31,69,197,24.0,Iowa,0,3.0,RB,Questionable,RB,3.0,True
12826,Ulysses Bentley,Ulysses,Bentley,RB,IND,37,70,200,24.0,Ole Miss,0,0.0,RB,,,,True
8489,Drew Ogletree,Drew,Ogletree,TE,IND,85,77,260,27.0,Youngstown State,0,3.0,TE,,TE,2.0,True
1706,Jack Doyle,Jack,Doyle,TE,IND,84,78,262,31.0,Western Kentucky,0,9.0,TE,,,,True
13162,Max Mang,Max,Mang,TE,IND,45,78,263,25.0,Syracuse,0,0.0,TE,,,,True
4054,Mo Alie-Cox,Mo,Alie-Cox,TE,IND,81,77,267,31.0,VCU,0,8.0,TE,,TE,3.0,True
6964,Sean McKeon,Sean,McKeon,TE,IND,49,77,255,27.0,Michigan,0,5.0,TE,,,,True
12518,Tyler Warren,Tyler,Warren,TE,IND,84,78,256,23.0,Penn State,0,0.0,TE,,TE,1.0,True
10220,Will Mallory,Will,Mallory,TE,IND,86,76,239,26.0,Miami (FL),0,2.0,TE,,TE,4.0,True
11625,Adonai Mitchell,Adonai,Mitchell,WR,IND,10,74,205,22.0,Texas,0,1.0,WR,,RWR,4.0,True
4937,Al Riles,Al,Riles,WR,IND,3,"5'10""",212,24.0,LA-Lafayette,0,1.0,WR,,,,True
8142,Alec Pierce,Alec,Pierce,WR,IND,14,75,211,25.0,Cincinnati,0,3.0,WR,,RWR,3.0,True
11762,Anthony Gould,Anthony,Gould,WR,IND,6,68,174,24.0,Oregon State,0,1.0,WR,,SWR,6.0,True
6427,Ashton Dulin,Ashton,Dulin,WR,IND,16,74,215,28.0,Malone (OH),0,6.0,WR,Questionable,LWR,5.0,True
12829,Coleman Owen,Coleman,Owen,WR,IND,9,70,181,24.0,Ohio,0,0.0,WR,,,,True
6453,D.J. Montgomery,D.J.,Montgomery,WR,IND,2,73,201,28.0,Austin Peay,0,6.0,WR,IR,,8.0,True
9500,Josh Downs,Josh,Downs,WR,IND,1,69,171,24.0,North Carolina,0,2.0,WR,Questionable,SWR,2.0,True
3155,Laquon Treadwell,Laquon,Treadwell,WR,IND,13,74,215,30.0,Ole Miss,0,9.0,WR,,,,True
6819,Michael Pittman,Michael,Pittman,WR,IND,11,76,223,27.0,USC,0,5.0,WR,,LWR,1.0,True
9490,Tyler Scott,Tyler,Scott,WR,IND,83,70,182,23.0,Cincinnati,0,2.0,WR,,,,True
JAX,Jacksonville Jaguars,Jacksonville,Jaguars,DEF,JAX,,,0,0.0,,0,0.0,DEF,,,0.0,True
11786,Cam Little,Cam,Little,K,JAX,39,73,172,22.0,Arkansas,0,1.0,K,,K,1.0,True
4464,Nick Mullens,Nick,Mullens,QB,JAX,14,72,210,30.0,Southern Miss,0,8.0,QB,,QB,2.0,True
12898,Seth Henigan,Seth,Henigan,QB,JAX,19,75,215,22.0,Memphis,0,0.0,QB,,,,True
7523,Trevor Lawrence,Trevor,Lawrence,QB,JAX,16,78,220,25.0,Clemson,0,4.0,QB,,QB,1.0,True
12490,Bhayshul Tuten,Bhayshul,Tuten,RB,JAX,33,69,209,23.0,Virginia Tech,0,0.0,RB,,RB,3.0,True
12479,Ja'Quinden Jackson,Ja'Quinden,Jackson,RB,JAX,38,74,233,23.0,Arkansas,0,0.0,RB,,,,True
12544,LeQuint Allen,LeQuint,Allen,RB,JAX,36,72,201,21.0,Syracuse,0,0.0,RB,,RB,4.0,True
9225,Tank Bigsby,Tank,Bigsby,RB,JAX,4,71,215,23.0,Auburn,0,2.0,RB,,RB,1.0,True
7543,Travis Etienne,Travis,Etienne,RB,JAX,1,70,215,26.0,Clemson,0,4.0,RB,,RB,2.0,True
9480,Brenton Strange,Brenton,Strange,TE,JAX,85,76,253,24.0,Penn State,0,2.0,TE,,TE,1.0,True
7535,Hunter Long,Hunter,Long,TE,JAX,84,77,243,27.0,Boston College,0,4.0,TE,,TE,3.0,True
4314,Johnny Mundt,Johnny,Mundt,TE,JAX,86,76,243,30.0,Oregon,0,8.0,TE,,TE,2.0,True
12901,Patrick Herbert,Patrick,Herbert,TE,JAX,47,77,255,,Oregon,0,0.0,TE,,,,True
7536,Quintin Morris,Quintin,Morris,TE,JAX,45,74,243,26.0,Bowling Green,0,4.0,TE,,,,True
7746,Austin Trammell,Austin,Trammell,WR,JAX,81,70,185,27.0,Rice,0,4.0,WR,,,,True
11631,Brian Thomas,Brian,Thomas,WR,JAX,7,74,209,22.0,LSU,0,1.0,WR,,LWR,1.0,True
12908,Chandler Brayboy,Chandler,Brayboy,WR,JAX,15,73,199,,Elon,0,0.0,WR,,,,True
13064,Dorian Singer,Dorian,Singer,WR,JAX,13,72,181,22.0,Utah,0,0.0,WR,,,,True
7587,Dyami Brown,Dyami,Brown,WR,JAX,5,72,195,25.0,North Carolina,0,4.0,WR,,RWR,3.0,True
8114,Erik Ezukanma,Erik,Ezukanma,WR,JAX,84,74,210,25.0,Texas Tech,0,3.0,WR,,,,True
12114,Joshua Cephus,Joshua,Cephus,WR,JAX,80,74,193,24.0,UTSA,0,1.0,WR,IR,,8.0,True
9487,Parker Washington,Parker,Washington,WR,JAX,11,70,204,23.0,Penn State,0,2.0,WR,,SWR,4.0,True
4351,Tim Patrick,Tim,Patrick,WR,JAX,17,77,210,31.0,Utah,0,8.0,WR,,RWR,5.0,True
12530,Travis Hunter,Travis,Hunter,WR,JAX,12,73,185,22.0,Colorado,0,0.0,"DB,WR",,SWR,2.0,True
KC,Kansas City Chiefs,Kansas City,Chiefs,DEF,KC,,,0,0.0,,0,0.0,DEF,,,0.0,True
4227,Harrison Butker,Harrison,Butker,K,KC,7,76,205,30.0,Georgia Tech,0,8.0,K,,K,1.0,True
8413,Chris Oladokun,Chris,Oladokun,QB,KC,19,73,213,27.0,South Dakota State,0,3.0,QB,,,,True
6011,Gardner Minshew,Gardner,Minshew,QB,KC,17,73,225,29.0,Washington State,0,6.0,QB,,QB,2.0,True
4046,Patrick Mahomes,Patrick,Mahomes,QB,KC,15,74,225,29.0,Texas Tech,0,8.0,QB,,QB,1.0,True
12455,Brashard Smith,Brashard,Smith,RB,KC,24,70,196,22.0,SMU,0,0.0,RB,,RB,3.0,True
11582,Carson Steele,Carson,Steele,RB,KC,42,72,228,22.0,UCLA,0,1.0,RB,,,,True
6820,Clyde Edwards-Helaire,Clyde,Edwards-Helaire,RB,KC,23,67,207,26.0,LSU,0,5.0,RB,,,,True
4263,Elijah McGuire,Elijah,McGuire,RB,KC,24,70,214,27.0,Louisiana-Lafayette,0,5.0,RB,,,,True
7561,Elijah Mitchell,Elijah,Mitchell,RB,KC,25,70,200,27.0,Louisiana,0,4.0,RB,,RB,5.0,True
8205,Isiah Pacheco,Isiah,Pacheco,RB,KC,10,70,216,26.0,Rutgers,0,3.0,RB,,RB,1.0,True
4098,Kareem Hunt,Kareem,Hunt,RB,KC,29,71,216,30.0,Toledo,0,8.0,RB,,RB,2.0,True
8221,Keaontay Ingram,Keaontay,Ingram,RB,KC,38,72,220,25.0,USC,0,3.0,RB,IR,RB,7.0,True
12817,Jake Briningstool,Jake,Briningstool,TE,KC,88,78,240,22.0,Clemson,0,0.0,TE,IR,TE,5.0,True
11595,Jared Wiley,Jared,Wiley,TE,KC,12,78,249,24.0,TCU,0,1.0,TE,,TE,3.0,True
7828,Noah Gray,Noah,Gray,TE,KC,83,75,240,26.0,Duke,0,4.0,TE,,TE,2.0,True
4602,Robert Tonyan,Robert,Tonyan,TE,KC,85,77,240,31.0,Indiana State,0,8.0,TE,,TE,4.0,True
1466,Travis Kelce,Travis,Kelce,TE,KC,87,77,250,35.0,Cincinnati,0,12.0,TE,,TE,1.0,True
13116,Tre Watson,Tre,Watson,TE,KC,49,77,250,,Texas A&M,0,0.0,TE,,,,True
5848,Hollywood Brown,Hollywood,Brown,WR,KC,5,69,180,28.0,Oklahoma,0,6.0,WR,Questionable,RWR,2.0,True
12505,Jalen Royals,Jalen,Royals,WR,KC,11,72,195,22.0,Utah State,0,0.0,WR,Questionable,RWR,4.0,True
11311,Jason Brownlee,Jason,Brownlee,WR,KC,89,75,202,26.0,Southern Miss,0,2.0,WR,,SWR,8.0,True
13173,Jimmy Holiday,Jimmy,Holiday,WR,KC,82,73,211,23.0,Louisiana Tech,0,0.0,WR,,,,True
4040,JuJu Smith-Schuster,JuJu,Smith-Schuster,WR,KC,9,73,215,28.0,USC,0,8.0,WR,,LWR,3.0,True
11320,Nikko Remigio,Nikko,Remigio,WR,KC,81,69,187,25.0,Fresno State,0,2.0,WR,,SWR,6.0,True
10229,Rashee Rice,Rashee,Rice,WR,KC,4,73,204,25.0,SMU,0,2.0,WR,Sus,SWR,7.0,True
8188,Tyquan Thornton,Tyquan,Thornton,WR,KC,80,74,185,25.0,Baylor,0,3.0,WR,,RWR,5.0,True
11624,Xavier Worthy,Xavier,Worthy,WR,KC,1,71,165,22.0,Texas,0,1.0,WR,,LWR,1.0,True
LAC,Los Angeles Chargers,Los Angeles,Chargers,DEF,LAC,,,0,0.0,,0,0.0,DEF,,,0.0,True
8259,Cameron Dicker,Cameron,Dicker,K,LAC,11,73,216,25.0,Texas,0,3.0,K,,K,1.0,True
12773,DJ Uiagalelei,DJ,Uiagalelei,QB,LAC,7,76,252,24.0,Florida State,0,0.0,QB,,,,True
6797,Justin Herbert,Justin,Herbert,QB,LAC,10,78,236,27.0,Oregon,0,5.0,QB,,QB,1.0,True
7610,Trey Lance,Trey,Lance,QB,LAC,5,76,226,25.0,North Dakota State,0,4.0,QB,,QB,2.0,True
8123,Hassan Haskins,Hassan,Haskins,RB,LAC,28,74,228,25.0,Michigan,0,3.0,RB,,RB,2.0,True
11647,Kimani Vidal,Kimani,Vidal,RB,LAC,30,68,215,24.0,Troy,0,1.0,RB,,,,True
7528,Najee Harris,Najee,Harris,RB,LAC,22,73,242,27.0,Alabama,0,4.0,RB,Questionable,RB,5.0,True
5347,Nyheim Miller-Hines,Nyheim,Miller-Hines,RB,LAC,31,68,198,28.0,North Carolina State,0,7.0,RB,,,,True
12507,Omarion Hampton,Omarion,Hampton,RB,LAC,8,72,220,22.0,North Carolina,0,0.0,RB,,RB,1.0,True
12493,Oronde Gadsden,Oronde,Gadsden,TE,LAC,86,77,236,22.0,Syracuse,0,0.0,TE,,TE,3.0,True
12113,Thomas Yassmin,Thomas,Yassmin,TE,LAC,49,77,251,25.0,Utah,0,1.0,TE,,,,True
8885,Tucker Fisk,Tucker,Fisk,TE,LAC,42,76,285,26.0,Stanford,0,3.0,TE,,TE,4.0,True
5133,Tyler Conklin,Tyler,Conklin,TE,LAC,83,75,248,30.0,Central Michigan,0,7.0,TE,,TE,2.0,True
5010,Will Dissly,Will,Dissly,TE,LAC,89,76,265,29.0,Washington,0,7.0,TE,,TE,1.0,True
10234,Derius Davis,Derius,Davis,WR,LAC,12,68,165,24.0,TCU,0,2.0,WR,,SWR,6.0,True
11940,JaQuae Jackson,JaQuae,Jackson,WR,LAC,27,73,184,25.0,Rutgers,0,1.0,WR,,,,True
6798,Jalen Reagor,Jalen,Reagor,WR,LAC,88,71,197,26.0,TCU,0,5.0,WR,,,,True
6866,KJ Hill,KJ,Hill,WR,LAC,84,72,196,24.0,Ohio State,0,2.0,WR,,,,True
12670,KeAndre Lambert-Smith,KeAndre,Lambert-Smith,WR,LAC,84,73,182,23.0,Auburn,0,0.0,WR,,LWR,5.0,True
1479,Keenan Allen,Keenan,Allen,WR,LAC,13,74,211,33.0,California,0,12.0,WR,,RWR,2.0,True
11635,Ladd McConkey,Ladd,McConkey,WR,LAC,15,72,185,23.0,Georgia,0,1.0,WR,,SWR,1.0,True
9754,Quentin Johnston,Quentin,Johnston,WR,LAC,1,74,208,23.0,TCU,0,2.0,WR,Questionable,RWR,3.0,True
12509,Tre' Harris,Tre',Harris,WR,LAC,9,75,210,23.0,Ole Miss,0,0.0,WR,Questionable,LWR,4.0,True
LAR,Los Angeles Rams,Los Angeles,Rams,DEF,LAR,,,0,0.0,,0,0.0,DEF,,,0.0,True
11789,Joshua Karty,Joshua,Karty,K,LAR,16,74,207,23.0,Stanford,0,1.0,K,,K,1.0,True
1837,Jimmy Garoppolo,Jimmy,Garoppolo,QB,LAR,11,74,225,33.0,Eastern Illinois,0,11.0,QB,,QB,2.0,True
421,Matthew Stafford,Matthew,Stafford,QB,LAR,9,75,214,37.0,Georgia,0,16.0,QB,,QB,1.0,True
10857,Stetson Bennett,Stetson,Bennett,QB,LAR,13,71,190,27.0,Georgia,0,2.0,QB,,QB,3.0,True
11586,Blake Corum,Blake,Corum,RB,LAR,22,68,210,24.0,Michigan,0,1.0,RB,,RB,2.0,True
11644,Cody Schrader,Cody,Schrader,RB,LAR,32,69,214,25.0,Missouri,0,1.0,RB,,,,True
11569,Jarquez Hunter,Jarquez,Hunter,RB,LAR,35,69,204,22.0,Auburn,0,0.0,RB,,RB,3.0,True
8150,Kyren Williams,Kyren,Williams,RB,LAR,23,69,202,25.0,Notre Dame,0,3.0,RB,,RB,1.0,True
8195,Ronnie Rivers,Ronnie,Rivers,RB,LAR,20,69,192,26.0,Fresno State,0,3.0,RB,,,,True
6865,Colby Parkinson,Colby,Parkinson,TE,LAR,84,79,265,26.0,Stanford,0,5.0,TE,,TE,3.0,True
10214,Davis Allen,Davis,Allen,TE,LAR,87,78,251,24.0,Clemson,0,2.0,TE,,TE,4.0,True
13013,Mark Redman,Mark,Redman,TE,LAR,83,77,255,,Louisville,0,0.0,TE,,,,True
12487,Terrance Ferguson,Terrance,Ferguson,TE,LAR,18,77,247,22.0,Oregon,0,0.0,TE,,TE,2.0,True
3271,Tyler Higbee,Tyler,Higbee,TE,LAR,89,78,255,32.0,Western Kentucky,0,9.0,TE,,TE,1.0,True
13011,Brennan Presley,Brennan,Presley,WR,LAR,81,68,174,23.0,Oklahoma State,0,0.0,WR,,,,True
2133,Davante Adams,Davante,Adams,WR,LAR,17,73,215,32.0,Fresno State,0,11.0,WR,,LWR,2.0,True
11623,Jordan Whittington,Jordan,Whittington,WR,LAR,88,73,202,24.0,Texas,0,1.0,WR,,SWR,4.0,True
12718,Konata Mumpfield,Konata,Mumpfield,WR,LAR,15,71,186,22.0,Pittsburgh,0,0.0,WR,,RWR,5.0,True
9493,Puka Nacua,Puka,Nacua,WR,LAR,12,74,212,24.0,BYU,0,2.0,WR,,RWR,1.0,True
13003,Tru Edwards,Tru,Edwards,WR,LAR,82,75,201,24.0,Louisiana Tech,0,0.0,WR,,,,True
7562,Tutu Atwell,Tutu,Atwell,WR,LAR,5,69,165,25.0,Louisville,0,4.0,WR,,SWR,3.0,True
11168,Xavier Smith,Xavier,Smith,WR,LAR,19,69,176,27.0,Florida A&M,0,2.0,WR,,SWR,6.0,True
LV,Las Vegas Raiders,Las Vegas,Raiders,DEF,LV,,,0,0.0,,0,0.0,DEF,,,0.0,True
5095,Daniel Carlson,Daniel,Carlson,K,LV,8,77,215,30.0,Auburn,0,7.0,K,,K,1.0,True
10866,Aidan O'Connell,Aidan,O'Connell,QB,LV,12,75,206,26.0,Purdue,0,2.0,QB,IR,QB,3.0,True
12688,Cam Miller,Cam,Miller,QB,LV,5,73,211,24.0,North Dakota State,0,0.0,QB,,,,True
1373,Geno Smith,Geno,Smith,QB,LV,7,75,221,34.0,West Virginia,0,12.0,QB,,QB,1.0,True
8160,Kenny Pickett,Kenny,Pickett,QB,LV,8,75,220,27.0,Pittsburgh,0,3.0,QB,Questionable,QB,2.0,True
12527,Ashton Jeanty,Ashton,Jeanty,RB,LV,2,68,208,21.0,Boise State,0,0.0,RB,,RB,1.0,True
11963,Chris Collier,Chris,Collier,RB,LV,35,70,203,25.0,Lock Haven,0,1.0,RB,,,,True
11574,Dylan Laube,Dylan,Laube,RB,LV,23,69,204,25.0,New Hampshire,0,1.0,RB,,RB,4.0,True
3868,Jalen Richard,Jalen,Richard,RB,LV,30,68,207,28.0,Southern Miss,0,6.0,RB,,,,True
2749,Raheem Mostert,Raheem,Mostert,RB,LV,31,70,212,33.0,Purdue,0,10.0,RB,,RB,3.0,True
8139,Zamir White,Zamir,White,RB,LV,3,71,227,25.0,Georgia,0,3.0,RB,,RB,2.0,True
6843,Albert Okwuegbunam,Albert,Okwuegbunam,TE,LV,86,77,258,27.0,Missouri,0,5.0,TE,,,,True
11604,Brock Bowers,Brock,Bowers,TE,LV,89,76,235,22.0,Georgia,0,1.0,TE,,TE,1.0,True
13122,Carter Runyon,Carter,Runyon,TE,LV,46,76,243,,Towson,0,0.0,TE,,,,True
4995,Ian Thomas,Ian,Thomas,TE,LV,80,75,253,29.0,Indiana,0,7.0,TE,,TE,3.0,True
9482,Michael Mayer,Michael,Mayer,TE,LV,87,76,256,24.0,Notre Dame,0,2.0,TE,,TE,2.0,True
6386,Alex Bachman,Alex,Bachman,WR,LV,81,72,190,29.0,Wake Forest,0,6.0,WR,,,,True
2309,Amari Cooper,Amari,Cooper,WR,LV,18,73,210,31.0,Alabama,0,10.0,WR,,LWR,4.0,True
12541,Dont'e Thornton,Dont'e,Thornton,WR,LV,10,77,205,22.0,Tennessee,0,0.0,WR,,LWR,2.0,True
12483,Jack Bech,Jack,Bech,WR,LV,18,73,214,22.0,TCU,0,0.0,WR,,RWR,5.0,True
5947,Jakobi Meyers,Jakobi,Meyers,WR,LV,16,74,193,28.0,North Carolina State,0,6.0,WR,,SWR,1.0,True
9489,Justin Shorter,Justin,Shorter,WR,LV,88,76,227,25.0,Florida,0,2.0,WR,,,,True
11257,Shedrick Jackson,Shedrick,Jackson,WR,LV,4,73,198,25.0,Auburn,0,2.0,WR,,,,True
10213,Tre Tucker,Tre,Tucker,WR,LV,1,68,182,24.0,Cincinnati,0,2.0,WR,,RWR,3.0,True
MIA,Miami Dolphins,Miami,Dolphins,DEF,MIA,,,0,0.0,,0,0.0,DEF,,,0.0,True
5119,Jason Sanders,Jason,Sanders,K,MIA,7,71,195,29.0,New Mexico,0,7.0,K,IR,K,2.0,True
7922,Riley Patterson,Riley,Patterson,K,MIA,47,72,190,25.0,Memphis,0,4.0,K,,,,True
12500,Quinn Ewers,Quinn,Ewers,QB,MIA,14,74,209,22.0,Texas,0,0.0,QB,,QB,3.0,True
6768,Tua Tagovailoa,Tua,Tagovailoa,QB,MIA,1,73,225,27.0,Alabama,0,5.0,QB,,QB,1.0,True
7538,Zach Wilson,Zach,Wilson,QB,MIA,0,74,214,26.0,BYU,0,4.0,QB,,QB,2.0,True
5987,Alexander Mattison,Alexander,Mattison,RB,MIA,8,71,220,27.0,Boise State,0,6.0,RB,IR,RB,5.0,True
9226,De'Von Achane,De'Von,Achane,RB,MIA,28,69,191,23.0,Texas A&M,0,2.0,RB,Questionable,RB,1.0,True
6996,JaMycal Hasty,JaMycal,Hasty,RB,MIA,39,68,205,28.0,Baylor,0,5.0,RB,,,,True
11643,Jaylen Wright,Jaylen,Wright,RB,MIA,5,70,208,22.0,Tennessee,0,1.0,RB,Doubtful,RB,7.0,True
5284,Jeff Wilson,Jeff,Wilson,RB,MIA,20,72,213,29.0,North Texas,0,7.0,RB,,,,True
6167,Jordan Scarlett,Jordan,Scarlett,RB,MIA,22,71,200,26.0,Florida,0,3.0,RB,,,,True
12495,Ollie Gordon,Ollie,Gordon,RB,MIA,31,74,225,21.0,Oklahoma State,0,0.0,RB,,RB,2.0,True
2505,Darren Waller,Darren,Waller,TE,MIA,83,78,238,32.0,Georgia Tech,0,10.0,TE,,TE,1.0,True
8172,Greg Dulcich,Greg,Dulcich,TE,MIA,89,76,245,25.0,UCLA,0,3.0,TE,,,,True
12389,Hayden Rucci,Hayden,Rucci,TE,MIA,87,77,247,24.0,Wisconsin,0,1.0,TE,,,,True
12866,Jalin Conyers,Jalin,Conyers,TE,MIA,47,76,265,24.0,Texas Tech,0,0.0,TE,IR,TE,6.0,True
11371,Julian Hill,Julian,Hill,TE,MIA,89,76,251,25.0,Campbell,0,2.0,TE,,TE,2.0,True
8088,Kalif Jackson,Kalif,Jackson,TE,MIA,60,77,255,,Grambling State,0,1.0,TE,,,,True
8849,Tanner Conner,Tanner,Conner,TE,MIA,80,75,237,27.0,Idaho State,0,3.0,TE,,TE,3.0,True
12865,AJ Henning,AJ,Henning,WR,MIA,88,70,192,23.0,Northwestern,0,0.0,WR,,,,True
1984,Allen Hurns,Allen,Hurns,WR,MIA,8,75,195,30.0,Miami (FL),0,8.0,WR,Questionable,,,True
7612,Dee Eskridge,Dee,Eskridge,WR,MIA,82,69,190,28.0,Western Michigan,0,4.0,WR,,LWR,6.0,True
7526,Jaylen Waddle,Jaylen,Waddle,WR,MIA,17,70,185,26.0,Alabama,0,4.0,WR,,LWR,2.0,True
11610,Malik Washington,Malik,Washington,WR,MIA,6,68,195,24.0,Virginia,0,1.0,WR,,SWR,4.0,True
7496,Nick Westbrook-Ikhine,Nick,Westbrook-Ikhine,WR,MIA,18,74,211,28.0,Indiana,0,5.0,WR,,RWR,3.0,True
11821,Tahj Washington,Tahj,Washington,WR,MIA,7,70,174,24.0,USC,0,1.0,WR,,SWR,5.0,True
12860,Theo Wease,Theo,Wease,WR,MIA,81,74,210,24.0,Missouri,0,0.0,WR,,,,True
3321,Tyreek Hill,Tyreek,Hill,WR,MIA,10,70,191,31.0,West Alabama,0,9.0,WR,Questionable,RWR,1.0,True
MIN,Minnesota Vikings,Minnesota,Vikings,DEF,MIN,,,0,0.0,,0,0.0,DEF,,,0.0,True
11792,Will Reichard,Will,Reichard,K,MIN,16,73,187,24.0,Alabama,0,1.0,K,,K,1.0,True
3161,Carson Wentz,Carson,Wentz,QB,MIN,11,77,237,32.0,North Dakota State,0,9.0,QB,,QB,2.0,True
11565,J.J. McCarthy,J.J.,McCarthy,QB,MIN,9,75,219,22.0,Michigan,0,1.0,QB,,QB,1.0,True
12775,Max Brosmer,Max,Brosmer,QB,MIN,12,74,217,24.0,Minnesota,0,0.0,QB,,QB,3.0,True
4199,Aaron Jones,Aaron,Jones,RB,MIN,33,70,208,30.0,UTEP,0,8.0,RB,,RB,1.0,True
8408,Jordan Mason,Jordan,Mason,RB,MIN,27,71,223,26.0,Georgia Tech,0,3.0,RB,,RB,2.0,True
8230,Ty Chandler,Ty,Chandler,RB,MIN,32,71,204,27.0,North Carolina,0,3.0,RB,,RB,3.0,True
10861,Xazavian Valladay,Xazavian,Valladay,RB,MIN,47,72,198,27.0,Arizona State,0,2.0,RB,,,,True
11299,Zavier Scott,Zavier,Scott,RB,MIN,36,73,219,26.0,Maine,0,2.0,RB,Questionable,RB,6.0,True
13121,Ben Yurosek,Ben,Yurosek,TE,MIN,48,76,245,23.0,Georgia,0,0.0,TE,,TE,6.0,True
12941,Bryson Nesbit,Bryson,Nesbit,TE,MIN,46,77,238,22.0,North Carolina,0,0.0,TE,,,,True
12700,Gavin Bartholomew,Gavin,Bartholomew,TE,MIN,86,77,246,22.0,Pittsburgh,0,0.0,TE,PUP,TE,5.0,True
5973,Josh Oliver,Josh,Oliver,TE,MIN,84,77,259,28.0,San Jose State,0,6.0,TE,,TE,2.0,True
3258,Nick Vannett,Nick,Vannett,TE,MIN,45,77,257,32.0,Ohio State,0,9.0,TE,,,,True
5844,T.J. Hockenson,T.J.,Hockenson,TE,MIN,87,77,248,28.0,Iowa,0,6.0,TE,,TE,1.0,True
1689,Adam Thielen,Adam,Thielen,WR,MIN,19,74,195,35.0,Minnesota State,0,12.0,WR,,SWR,2.0,True
12946,Dontae Fleming,Dontae,Fleming,WR,MIN,19,74,180,23.0,Tulane,0,0.0,WR,,,,True
8180,Jalen Nailor,Jalen,Nailor,WR,MIN,1,71,190,26.0,Michigan State,0,3.0,WR,Questionable,RWR,3.0,True
11911,Jeshaun Jones,Jeshaun,Jones,WR,MIN,82,73,188,25.0,Maryland,0,1.0,WR,,,,True
9756,Jordan Addison,Jordan,Addison,WR,MIN,3,71,175,23.0,USC,0,2.0,WR,Sus,RWR,7.0,True
6794,Justin Jefferson,Justin,Jefferson,WR,MIN,18,73,195,26.0,LSU,0,5.0,WR,Questionable,LWR,1.0,True
11520,Lucky Jackson,Lucky,Jackson,WR,MIN,81,72,186,28.0,Western Kentucky,0,2.0,WR,,,,True
13075,Myles Price,Myles,Price,WR,MIN,31,69,183,,Indiana,0,0.0,WR,,SWR,11.0,True
7601,Rondale Moore,Rondale,Moore,WR,MIN,4,67,181,25.0,Purdue,0,4.0,WR,IR,,6.0,True
12496,Tai Felton,Tai,Felton,WR,MIN,13,73,183,22.0,Maryland,0,0.0,WR,Questionable,SWR,4.0,True
8013,Tim Jones,Tim,Jones,WR,MIN,14,73,200,27.0,Southern Miss,0,4.0,WR,,,,True
NE,New England Patriots,New England,Patriots,DEF,NE,,,0,0.0,,0,0.0,DEF,,,0.0,True
12713,Andy Borregales,Andy,Borregales,K,NE,36,71,202,23.0,Miami (FL),0,0.0,K,,K,1.0,True
11564,Drake Maye,Drake,Maye,QB,NE,10,76,225,23.0,North Carolina,0,1.0,QB,,QB,1.0,True
4179,Joshua Dobbs,Joshua,Dobbs,QB,NE,11,75,220,30.0,Tennessee,0,8.0,QB,,QB,2.0,True
11292,Tommy DeVito,Tommy,DeVito,QB,NE,16,74,210,27.0,Illinois,0,2.0,QB,,QB,3.0,True
6945,Antonio Gibson,Antonio,Gibson,RB,NE,4,72,228,27.0,Memphis,0,5.0,RB,,RB,3.0,True
10870,Deneric Prince,Deneric,Prince,RB,NE,30,72,216,25.0,Tulsa,0,2.0,RB,IR,RB,4.0,True
12969,Lan Larison,Lan,Larison,RB,NE,34,71,209,23.0,UC Davis,0,0.0,RB,IR,RB,6.0,True
7611,Rhamondre Stevenson,Rhamondre,Stevenson,RB,NE,38,72,227,27.0,Oklahoma,0,4.0,RB,Questionable,RB,2.0,True
12412,Terrell Jennings,Terrell,Jennings,RB,NE,26,72,217,24.0,Florida A&M,0,1.0,RB,,,,True
12529,TreVeyon Henderson,TreVeyon,Henderson,RB,NE,32,70,202,22.0,Ohio State,0,0.0,RB,,RB,1.0,True
3202,Austin Hooper,Austin,Hooper,TE,NE,81,76,254,30.0,Stanford,0,9.0,TE,,TE,2.0,True
12984,CJ Dippre,CJ,Dippre,TE,NE,82,77,256,23.0,Alabama,0,0.0,TE,,,,True
3214,Hunter Henry,Hunter,Henry,TE,NE,85,77,249,30.0,Arkansas,0,9.0,TE,,TE,1.0,True
12045,Jack Westover,Jack,Westover,TE,NE,87,74,245,26.0,Washington,0,1.0,TE,,TE,3.0,True
2944,Matt LaCosse,Matt,LaCosse,TE,NE,83,78,255,29.0,Illinois,0,7.0,TE,,,,True
9501,DeMario Douglas,DeMario,Douglas,WR,NE,3,68,192,24.0,Liberty,0,2.0,WR,,SWR,2.0,True
12542,Efton Chism,Efton,Chism,WR,NE,86,70,198,23.0,Eastern Washington,0,0.0,WR,Questionable,SWR,6.0,True
11619,Ja'Lynn Polk,Ja'Lynn,Polk,WR,NE,1,73,203,23.0,Washington,0,1.0,WR,IR,,7.0,True
13124,Jeremiah Webb,Jeremiah,Webb,WR,NE,29,71,198,24.0,South Alabama,0,0.0,WR,,,,True
12383,John Jiles,John,Jiles,WR,NE,83,75,220,25.0,West Florida,0,1.0,WR,,,,True
9504,Kayshon Boutte,Kayshon,Boutte,WR,NE,9,71,197,23.0,LSU,0,2.0,WR,,LWR,3.0,True
12547,Kyle Williams,Kyle,Williams,WR,NE,18,71,190,22.0,Washington State,0,0.0,WR,Questionable,RWR,4.0,True
4177,Mack Hollins,Mack,Hollins,WR,NE,13,76,221,31.0,North Carolina,0,8.0,WR,,RWR,5.0,True
2449,Stefon Diggs,Stefon,Diggs,WR,NE,8,72,191,31.0,Maryland,0,10.0,WR,Questionable,LWR,1.0,True
NO,New Orleans Saints,New Orleans,Saints,DEF,NO,,,0,0.0,,0,0.0,DEF,,,0.0,True
11058,Blake Grupe,Blake,Grupe,K,NO,19,67,156,26.0,Notre Dame,0,2.0,K,,K,1.0,True
11653,Charlie Smyth,Charlie,Smyth,K,NO,39,76,210,24.0,International Pathway Program,0,1.0,K,,,,True
1979,Blake Bortles,Blake,Bortles,QB,NO,6,77,236,29.0,UCF,0,8.0,QB,,,,True
13217,Hunter Dekkers,Hunter,Dekkers,QB,NO,18,75,215,24.0,Iowa Western,0,0.0,QB,,,,True
10215,Jake Haener,Jake,Haener,QB,NO,3,73,200,26.0,Fresno State,0,2.0,QB,,,,True
11562,Spencer Rattler,Spencer,Rattler,QB,NO,2,72,211,24.0,South Carolina,0,1.0,QB,,QB,1.0,True
12545,Tyler Shough,Tyler,Shough,QB,NO,6,77,219,25.0,Louisville,0,0.0,QB,,QB,2.0,True
4035,Alvin Kamara,Alvin,Kamara,RB,NO,41,70,215,30.0,Tennessee,0,8.0,RB,,RB,1.0,True
12476,Devin Neal,Devin,Neal,RB,NO,30,71,213,22.0,Kansas,0,0.0,RB,,RB,3.0,True
9757,Kendre Miller,Kendre,Miller,RB,NO,5,72,220,23.0,TCU,0,2.0,RB,,RB,2.0,True
5985,Foster Moreau,Foster,Moreau,TE,NO,87,76,250,28.0,LSU,0,6.0,TE,PUP,TE,3.0,True
7946,Jack Stoll,Jack,Stoll,TE,NO,88,76,247,27.0,Nebraska,0,4.0,TE,,,,True
7002,Juwan Johnson,Juwan,Johnson,TE,NO,83,76,231,28.0,Oregon,0,5.0,TE,,TE,1.0,True
12068,Mason Pline,Mason,Pline,TE,NO,85,79,260,25.0,Furman,0,1.0,TE,IR,TE,4.0,True
12480,Moliki Matavao,Moliki,Matavao,TE,NO,80,78,263,22.0,UCLA,0,0.0,TE,,TE,6.0,True
4381,Taysom Hill,Taysom,Hill,TE,NO,7,74,221,35.0,BYU,0,8.0,TE,PUP,QB,3.0,True
12079,Treyton Welch,Treyton,Welch,TE,NO,82,76,240,24.0,Wyoming,0,1.0,TE,,,,True
2197,Brandin Cooks,Brandin,Cooks,WR,NO,10,70,193,31.0,Oregon State,0,11.0,WR,,RWR,3.0,True
11748,Bub Means,Bub,Means,WR,NO,16,74,215,24.0,Pittsburgh,0,1.0,WR,IR,,9.0,True
5113,Cedrick Wilson,Cedrick,Wilson,WR,NO,11,74,197,29.0,Boise State,0,7.0,WR,,,,True
8144,Chris Olave,Chris,Olave,WR,NO,12,72,187,25.0,Ohio State,0,3.0,WR,,LWR,1.0,True
11834,Devaughn Vele,Devaughn,Vele,WR,NO,14,77,210,27.0,Utah,0,1.0,WR,,RWR,4.0,True
5744,Eldridge Massington,Eldridge,Massington,WR,NO,86,"6'2""",210,24.0,UCLA,0,1.0,WR,,,,True
8200,Kevin Austin,Kevin,Austin,WR,NO,81,74,200,25.0,Notre Dame,0,3.0,WR,,,,True
11895,Mason Tipton,Mason,Tipton,WR,NO,15,71,187,24.0,Yale,0,1.0,WR,,SWR,6.0,True
8676,Rashid Shaheed,Rashid,Shaheed,WR,NO,22,72,180,26.0,Weber State,0,3.0,WR,,SWR,2.0,True
9492,Trey Palmer,Trey,Palmer,WR,NO,17,73,190,24.0,Nebraska,0,2.0,WR,,LWR,5.0,True
8223,Velus Jones,Velus,Jones,WR,NO,13,72,200,28.0,Tennessee,0,3.0,WR,,RB,4.0,True
NYG,New York Giants,New York,Giants,DEF,NYG,,,0,0.0,,0,0.0,DEF,,,0.0,True
503,Graham Gano,Graham,Gano,K,NYG,9,74,202,38.0,Florida State,0,16.0,K,,K,1.0,True
12385,Jude McAtamney,Jude,McAtamney,K,NYG,99,74,205,25.0,Rutgers,0,1.0,K,,,,True
6147,Clayton Thorson,Clayton,Thorson,QB,NYG,0,76,222,26.0,Northwestern,0,3.0,QB,,,,True
2306,Jameis Winston,Jameis,Winston,QB,NYG,19,76,231,31.0,Florida State,0,10.0,QB,,QB,3.0,True
12508,Jaxson Dart,Jaxson,Dart,QB,NYG,6,74,223,22.0,Ole Miss,0,0.0,QB,,QB,2.0,True
1234,Russell Wilson,Russell,Wilson,QB,NYG,3,71,206,36.0,Wisconsin,0,13.0,QB,,QB,1.0,True
12481,Cam Skattebo,Cam,Skattebo,RB,NYG,44,71,215,23.0,Arizona State,0,0.0,RB,,RB,2.0,True
11654,Dante Miller,Dante,Miller,RB,NYG,25,69,200,26.0,South Carolina,0,1.0,RB,,,,True
6130,Devin Singletary,Devin,Singletary,RB,NYG,26,67,203,27.0,Florida Atlantic,0,6.0,RB,,RB,3.0,True
10223,Eric Gray,Eric,Gray,RB,NYG,20,70,211,25.0,Oklahoma,0,2.0,RB,PUP,RB,4.0,True
4349,Taquan Mizzell,Taquan,Mizzell,RB,NYG,25,69,192,28.0,Virginia,0,5.0,RB,Questionable,,,True
11655,Tyrone Tracy,Tyrone,Tracy,RB,NYG,29,71,210,25.0,Purdue,0,1.0,RB,,RB,1.0,True
3048,Chris Manhertz,Chris,Manhertz,TE,NYG,85,78,235,33.0,Canisius,0,10.0,TE,,TE,3.0,True
8225,Daniel Bellinger,Daniel,Bellinger,TE,NYG,82,78,255,24.0,San Diego State,0,3.0,TE,,TE,2.0,True
1642,Levine Toilolo,Levine,Toilolo,TE,NYG,85,80,268,30.0,Stanford,0,9.0,TE,Questionable,,,True
11597,Theo Johnson,Theo,Johnson,TE,NYG,84,78,264,24.0,Penn State,0,1.0,TE,,TE,1.0,True
12715,Thomas Fidone,Thomas,Fidone,TE,NYG,86,78,255,22.0,Nebraska,0,0.0,TE,,TE,5.0,True
7149,Tommy Stevens,Tommy,Stevens,TE,NYG,0,77,235,25.0,Mississippi State,0,2.0,QB,,,,True
12889,Beaux Collins,Beaux,Collins,WR,NYG,8,75,206,22.0,Notre Dame,0,0.0,WR,,LWR,10.0,True
9499,Bryce Ford-Wheaton,Bryce,Ford-Wheaton,WR,NYG,88,75,220,25.0,West Virginia,0,2.0,WR,IR,,8.0,True
6149,Darius Slayton,Darius,Slayton,WR,NYG,18,73,198,28.0,Auburn,0,6.0,WR,,RWR,3.0,True
6699,Gunner Olszewski,Gunner,Olszewski,WR,NYG,0,72,190,28.0,Bemidji State,0,6.0,WR,,,,True
7559,Ihmir Smith-Marsette,Ihmir,Smith-Marsette,WR,NYG,87,73,185,26.0,Iowa,0,4.0,WR,,,,True
9497,Jalin Hyatt,Jalin,Hyatt,WR,NYG,13,72,185,23.0,Tennessee,0,2.0,WR,,RWR,4.0,True
5938,Lil'Jordan Humphrey,Lil'Jordan,Humphrey,WR,NYG,81,76,225,27.0,Texas,0,6.0,WR,,,,True
11632,Malik Nabers,Malik,Nabers,WR,NYG,1,72,200,22.0,LSU,0,1.0,WR,Questionable,LWR,1.0,True
12267,Qadir Ismail,Qadir,Ismail,WR,NYG,84,78,232,25.0,Samford,0,1.0,WR,,,,True
8126,Wan'Dale Robinson,Wan'Dale,Robinson,WR,NYG,17,68,185,24.0,Kentucky,0,3.0,WR,,SWR,2.0,True
NYJ,New York Jets,New York,Jets,DEF,NYJ,,,0,0.0,,0,0.0,DEF,,,0.0,True
12015,Harrison Mevis,Harrison,Mevis,K,NYJ,45,71,243,23.0,Missouri,0,1.0,K,,,,True
650,Nick Folk,Nick,Folk,K,NYJ,18,73,222,40.0,Arizona,0,18.0,K,,K,1.0,True
12538,Brady Cook,Brady,Cook,QB,NYJ,4,74,215,23.0,Missouri,0,0.0,QB,,,,True
7591,Justin Fields,Justin,Fields,QB,NYJ,7,75,227,26.0,Ohio State,0,4.0,QB,,QB,1.0,True
827,Tyrod Taylor,Tyrod,Taylor,QB,NYJ,2,73,217,36.0,Virginia Tech,0,14.0,QB,Questionable,QB,2.0,True
6323,Andrew Beck,Andrew,Beck,RB,NYJ,47,75,255,29.0,Texas,0,6.0,RB,,RB,4.0,True
11576,Braelon Allen,Braelon,Allen,RB,NYJ,0,73,235,21.0,Wisconsin,0,1.0,RB,,RB,2.0,True
8155,Breece Hall,Breece,Hall,RB,NYJ,20,71,217,24.0,Iowa State,0,3.0,RB,,RB,1.0,True
11571,Isaiah Davis,Isaiah,Davis,RB,NYJ,32,73,220,23.0,South Dakota State,0,1.0,RB,Questionable,RB,3.0,True
7720,Kene Nwangwu,Kene,Nwangwu,RB,NYJ,34,73,210,27.0,Iowa State,0,4.0,RB,,RB,5.0,True
8219,Jelani Woods,Jelani,Woods,TE,NYJ,86,79,253,26.0,Virginia,0,3.0,TE,,TE,4.0,True
8145,Jeremy Ruckert,Jeremy,Ruckert,TE,NYJ,89,77,250,25.0,Ohio State,0,3.0,TE,,TE,2.0,True
3668,Joshua Perkins,Joshua,Perkins,TE,NYJ,89,75,223,28.0,Washington,0,6.0,TE,,,,True
12498,Mason Taylor,Mason,Taylor,TE,NYJ,85,77,251,21.0,LSU,0,0.0,TE,,TE,1.0,True
8583,Stone Smartt,Stone,Smartt,TE,NYJ,84,76,226,26.0,Old Dominion,0,3.0,TE,,TE,3.0,True
5185,Allen Lazard,Allen,Lazard,WR,NYJ,10,77,227,29.0,Iowa State,0,7.0,WR,Questionable,SWR,4.0,True
12539,Arian Smith,Arian,Smith,WR,NYJ,82,72,179,23.0,Georgia,0,0.0,WR,,RWR,5.0,True
7865,Brandon Smith,Brandon,Smith,WR,NYJ,87,73,218,26.0,Iowa,0,4.0,WR,,,,True
8146,Garrett Wilson,Garrett,Wilson,WR,NYJ,5,72,183,25.0,Ohio State,0,3.0,WR,,LWR,1.0,True
8861,Irvin Charles,Irvin,Charles,WR,NYJ,19,76,219,28.0,Indiana (PA),0,3.0,WR,PUP,RWR,8.0,True
12925,Jamaal Pritchett,Jamaal,Pritchett,WR,NYJ,81,68,175,,South Alabama,0,0.0,WR,,,,True
4171,Josh Reynolds,Josh,Reynolds,WR,NYJ,83,75,192,30.0,Texas A&M,0,8.0,WR,,RWR,2.0,True
12907,Quentin Skinner,Quentin,Skinner,WR,NYJ,88,77,195,,Kansas,0,0.0,WR,,,,True
6960,Tyler Johnson,Tyler,Johnson,WR,NYJ,16,73,208,27.0,Minnesota,0,5.0,WR,,,,True
11306,Xavier Gipson,Xavier,Gipson,WR,NYJ,3,69,189,24.0,Stephen F. Austin,0,2.0,WR,Questionable,SWR,6.0,True
PHI,Philadelphia Eagles,Philadelphia,Eagles,DEF,PHI,,,0,0.0,,0,0.0,DEF,,,0.0,True
4195,Jake Elliott,Jake,Elliott,K,PHI,4,69,167,30.0,Memphis,0,8.0,K,,K,1.0,True
6904,Jalen Hurts,Jalen,Hurts,QB,PHI,1,73,223,27.0,Oklahoma,0,5.0,QB,,QB,1.0,True
12494,Kyle McCord,Kyle,McCord,QB,PHI,19,75,218,22.0,Syracuse,0,0.0,QB,,,,True
8162,Sam Howell,Sam,Howell,QB,PHI,14,73,225,24.0,North Carolina,0,3.0,QB,,QB,3.0,True
9230,Tanner McKee,Tanner,McKee,QB,PHI,16,78,231,25.0,Stanford,0,2.0,QB,Questionable,QB,2.0,True
6828,A.J. Dillon,A.J.,Dillon,RB,PHI,29,72,247,27.0,Boston College,0,5.0,RB,,RB,3.0,True
11579,Audric Estime,Audric,Estime,RB,PHI,23,71,227,21.0,Notre Dame,0,1.0,RB,,,,True
4866,Saquon Barkley,Saquon,Barkley,RB,PHI,26,72,233,28.0,Penn State,0,7.0,RB,,RB,1.0,True
11577,Will Shipley,Will,Shipley,RB,PHI,28,71,209,23.0,Clemson,0,1.0,RB,,RB,2.0,True
10210,Cameron Latu,Cameron,Latu,TE,PHI,49,77,244,25.0,Alabama,0,2.0,TE,,,,True
5022,Dallas Goedert,Dallas,Goedert,TE,PHI,88,77,256,30.0,South Dakota State,0,7.0,TE,Questionable,TE,1.0,True
11304,E.J. Jenkins,E.J.,Jenkins,TE,PHI,84,78,245,26.0,Georgia Tech,0,2.0,TE,,,,True
8177,Grant Calcaterra,Grant,Calcaterra,TE,PHI,81,76,240,26.0,SMU,0,3.0,TE,,TE,2.0,True
7602,Kylen Granson,Kylen,Granson,TE,PHI,83,75,242,27.0,SMU,0,4.0,TE,,TE,3.0,True
5859,A.J. Brown,A.J.,Brown,WR,PHI,11,73,226,28.0,Ole Miss,0,6.0,WR,Questionable,LWR,1.0,True
8414,Britain Covey,Britain,Covey,WR,PHI,10,68,173,28.0,Utah,0,3.0,WR,,,,True
13150,Darius Cooper,Darius,Cooper,WR,PHI,80,71,210,,Tarleton State,0,0.0,WR,,LWR,9.0,True
7525,DeVonta Smith,DeVonta,Smith,WR,PHI,6,72,170,26.0,Alabama,0,4.0,WR,Questionable,SWR,2.0,True
11139,Elijah Cooks,Elijah,Cooks,WR,PHI,86,76,215,26.0,San Jose State,0,2.0,WR,,,,True
8119,Jahan Dotson,Jahan,Dotson,WR,PHI,2,71,184,25.0,Penn State,0,3.0,WR,,RWR,3.0,True
11645,Javon Baker,Javon,Baker,WR,PHI,6,73,202,23.0,UCF,0,1.0,WR,,,,True
8147,John Metchie,John,Metchie,WR,PHI,18,72,195,25.0,Alabama,0,3.0,WR,,SWR,4.0,True
11636,Johnny Wilson,Johnny,Wilson,WR,PHI,89,78,228,24.0,Florida State,0,1.0,WR,IR,,6.0,True
7565,Terrace Marshall,Terrace,Marshall,WR,PHI,46,74,200,25.0,LSU,0,4.0,WR,,,,True
PIT,Pittsburgh Steelers,Pittsburgh,Steelers,DEF,PIT,,,0,0.0,,0,0.0,DEF,,,0.0,True
1945,Chris Boswell,Chris,Boswell,K,PIT,9,74,185,34.0,Rice,0,11.0,K,,K,1.0,True
96,Aaron Rodgers,Aaron,Rodgers,QB,PIT,8,74,223,41.0,California,0,20.0,QB,,QB,1.0,True
138,Ben Roethlisberger,Ben,Roethlisberger,QB,PIT,7,77,240,39.0,Miami (OH),0,18.0,QB,,,,True
4972,Mason Rudolph,Mason,Rudolph,QB,PIT,2,77,235,30.0,Oklahoma State,0,7.0,QB,,QB,2.0,True
4926,Nick Schuessler,Nick,Schuessler,QB,PIT,0,"6'3""",200,,Clemson,0,1.0,QB,,,,True
8206,Skylar Thompson,Skylar,Thompson,QB,PIT,17,74,219,28.0,Kansas State,0,3.0,QB,,QB,3.0,True
12511,Will Howard,Will,Howard,QB,PIT,18,76,236,23.0,Ohio State,0,0.0,QB,IR,QB,4.0,True
8228,Jaylen Warren,Jaylen,Warren,RB,PIT,30,68,215,26.0,Oklahoma State,0,3.0,RB,,RB,1.0,True
12504,Kaleb Johnson,Kaleb,Johnson,RB,PIT,20,73,224,22.0,Iowa,0,0.0,RB,,RB,2.0,True
7567,Kenneth Gainwell,Kenneth,Gainwell,RB,PIT,14,69,200,26.0,Memphis,0,4.0,RB,,RB,3.0,True
9510,Lew Nichols,Lew,Nichols,RB,PIT,35,70,220,24.0,Central Michigan,0,2.0,RB,,,,True
7593,Trey Sermon,Trey,Sermon,RB,PIT,27,72,215,26.0,Ohio State,0,4.0,RB,,,,True
8181,Connor Heyward,Connor,Heyward,TE,PIT,83,72,230,26.0,Michigan State,0,3.0,TE,,TE,4.0,True
9479,Darnell Washington,Darnell,Washington,TE,PIT,80,79,264,24.0,Georgia,0,2.0,TE,,TE,3.0,True
6016,Dax Raymond,Dax,Raymond,TE,PIT,49,76,245,27.0,Utah State,0,3.0,TE,,,,True
6074,Donald Parham,Donald,Parham,TE,PIT,89,80,237,28.0,Stetson,0,6.0,TE,IR,TE,5.0,True
2118,Eric Ebron,Eric,Ebron,TE,PIT,85,76,253,28.0,North Carolina,0,8.0,TE,,,,True
12975,JJ Galbreath,JJ,Galbreath,TE,PIT,87,76,240,,South Dakota,0,0.0,TE,,,,True
4144,Jonnu Smith,Jonnu,Smith,TE,PIT,81,75,248,30.0,Florida International,0,8.0,TE,Questionable,TE,2.0,True
7600,Pat Freiermuth,Pat,Freiermuth,TE,PIT,88,77,258,26.0,Penn State,0,4.0,TE,,TE,1.0,True
7757,Ben Skowronek,Ben,Skowronek,WR,PIT,15,75,224,28.0,Notre Dame,0,4.0,WR,,SWR,6.0,True
8125,Calvin Austin,Calvin,Austin,WR,PIT,19,69,162,26.0,Memphis,0,3.0,WR,Questionable,SWR,2.0,True
5846,DK Metcalf,DK,Metcalf,WR,PIT,4,76,229,27.0,Ole Miss,0,6.0,WR,,LWR,1.0,True
12971,Ke'Shawn Williams,Ke'Shawn,Williams,WR,PIT,85,69,188,,Indiana,0,0.0,WR,,,,True
1352,Robert Woods,Robert,Woods,WR,PIT,16,72,190,33.0,USC,0,12.0,WR,,,,True
11630,Roman Wilson,Roman,Wilson,WR,PIT,10,70,186,24.0,Michigan,0,1.0,WR,,RWR,3.0,True
6290,Scotty Miller,Scotty,Miller,WR,PIT,13,69,174,28.0,Bowling Green,0,6.0,WR,,LWR,5.0,True
SEA,Seattle Seahawks,Seattle,Seahawks,DEF,SEA,,,0,0.0,,0,0.0,DEF,,,0.0,True
2747,Jason Myers,Jason,Myers,K,SEA,5,70,190,34.0,Marist,0,10.0,K,,K,1.0,True
5854,Drew Lock,Drew,Lock,QB,SEA,2,76,228,28.0,Missouri,0,6.0,QB,,QB,3.0,True
12510,Jalen Milroe,Jalen,Milroe,QB,SEA,6,74,216,22.0,Alabama,0,0.0,QB,,QB,2.0,True
4943,Sam Darnold,Sam,Darnold,QB,SEA,14,75,225,28.0,USC,0,7.0,QB,,QB,1.0,True
4936,Skyler Howard,Skyler,Howard,QB,SEA,0,"5'11""",209,23.0,West Virginia,0,1.0,QB,,,,True
12462,Damien Martinez,Damien,Martinez,RB,SEA,22,72,217,21.0,Miami (FL),0,0.0,RB,,,,True
12048,George Holani,George,Holani,RB,SEA,36,71,210,25.0,Boise State,0,1.0,RB,,RB,3.0,True
13047,Jacardia Wright,Jacardia,Wright,RB,SEA,31,72,218,,Missouri State,0,0.0,RB,,,,True
8151,Kenneth Walker,Kenneth,Walker,RB,SEA,9,69,211,24.0,Michigan State,0,3.0,RB,,RB,1.0,True
10216,Kenny McIntosh,Kenny,McIntosh,RB,SEA,25,72,204,25.0,Georgia,0,2.0,RB,IR,RB,6.0,True
12656,Robbie Ouzts,Robbie,Ouzts,RB,SEA,40,75,274,22.0,Alabama,0,0.0,RB,,RB,4.0,True
9753,Zach Charbonnet,Zach,Charbonnet,RB,SEA,26,73,214,24.0,UCLA,0,2.0,RB,,RB,2.0,True
11603,AJ Barner,AJ,Barner,TE,SEA,88,78,251,23.0,Michigan,0,1.0,TE,,TE,1.0,True
11280,Brady Russell,Brady,Russell,TE,SEA,38,75,250,26.0,Colorado,0,2.0,TE,,RB,7.0,True
12521,Elijah Arroyo,Elijah,Arroyo,TE,SEA,18,77,254,22.0,Miami (FL),0,0.0,TE,,TE,2.0,True
4189,Eric Saubert,Eric,Saubert,TE,SEA,81,77,253,31.0,Drake,0,8.0,TE,,TE,3.0,True
13151,Nick Kallerup,Nick,Kallerup,TE,SEA,89,77,266,,Minnesota,0,0.0,TE,,TE,4.0,True
7039,Cody White,Cody,White,WR,SEA,82,75,227,26.0,Michigan State,0,5.0,WR,,RWR,6.0,True
4039,Cooper Kupp,Cooper,Kupp,WR,SEA,10,73,205,32.0,Eastern Washington,0,8.0,WR,,SWR,2.0,True
12772,Courtney Jackson,Courtney,Jackson,WR,SEA,84,71,179,,Arkansas State,0,0.0,WR,,,,True
8527,Dareke Young,Dareke,Young,WR,SEA,83,74,224,26.0,Lenoir-Rhyne,0,3.0,WR,,SWR,5.0,True
10867,Jake Bobo,Jake,Bobo,WR,SEA,19,76,207,27.0,UCLA,0,2.0,WR,Questionable,LWR,4.0,True
9488,Jaxon Smith-Njigba,Jaxon,Smith-Njigba,WR,SEA,11,72,197,23.0,Ohio State,0,2.0,WR,,LWR,1.0,True
12475,Ricky White,Ricky,White,WR,SEA,86,73,184,23.0,UNLV,0,0.0,WR,,,,True
12497,Tory Horton,Tory,Horton,WR,SEA,15,74,196,22.0,Colorado State,0,0.0,WR,Questionable,RWR,3.0,True
13034,Tyrone Broden,Tyrone,Broden,WR,SEA,85,77,194,,Arkansas,0,0.0,WR,,,,True
SF,San Francisco 49ers,San Francisco,49ers,DEF,SF,,,0,0.0,,0,0.0,DEF,,,0.0,True
10937,Jake Moody,Jake,Moody,K,SF,4,73,210,25.0,Michigan,0,2.0,K,,K,1.0,True
11065,Adrian Martinez,Adrian,Martinez,QB,SF,15,74,220,25.0,Kansas State,0,2.0,QB,,,,True
8183,Brock Purdy,Brock,Purdy,QB,SF,13,73,220,25.0,Iowa State,0,3.0,QB,,QB,1.0,True
12477,Kurtis Rourke,Kurtis,Rourke,QB,SF,4,76,220,24.0,Indiana,0,0.0,QB,PUP,QB,6.0,True
7527,Mac Jones,Mac,Jones,QB,SF,10,75,220,26.0,Alabama,0,4.0,QB,Questionable,QB,2.0,True
8154,Brian Robinson,Brian,Robinson,RB,SF,8,73,225,26.0,Alabama,0,3.0,RB,,RB,2.0,True
4034,Christian McCaffrey,Christian,McCaffrey,RB,SF,23,71,210,29.0,Stanford,0,8.0,RB,,RB,1.0,True
12491,Corey Kiner,Corey,Kiner,RB,SF,49,69,209,23.0,Cincinnati,0,0.0,RB,Questionable,,,True
11651,Isaac Guerendo,Isaac,Guerendo,RB,SF,31,72,221,25.0,Louisville,0,1.0,RB,,RB,3.0,True
12467,Jordan James,Jordan,James,RB,SF,29,69,208,21.0,Oregon,0,0.0,RB,IR,RB,6.0,True
6963,Patrick Taylor,Patrick,Taylor,RB,SF,32,74,217,27.0,Memphis,0,5.0,RB,IR,RB,7.0,True
8220,Sincere McCormick,Sincere,McCormick,RB,SF,28,68,204,24.0,UTSA,0,3.0,RB,,,,True
10224,Brayden Willis,Brayden,Willis,TE,SF,9,76,240,25.0,Oklahoma,0,2.0,TE,,,,True
4217,George Kittle,George,Kittle,TE,SF,85,76,250,31.0,Iowa,0,8.0,TE,,TE,1.0,True
8698,Jake Tonges,Jake,Tonges,TE,SF,88,76,240,26.0,California,0,3.0,TE,,TE,3.0,True
7842,Luke Farrell,Luke,Farrell,TE,SF,89,77,250,27.0,Ohio State,0,4.0,TE,,TE,2.0,True
6803,Brandon Aiyuk,Brandon,Aiyuk,WR,SF,11,72,200,27.0,Arizona State,0,5.0,WR,PUP,RWR,11.0,True
3286,Demarcus Robinson,Demarcus,Robinson,WR,SF,5,73,202,30.0,Florida,0,9.0,WR,Sus,LWR,6.0,True
11616,Jacob Cowing,Jacob,Cowing,WR,SF,19,69,171,24.0,Arizona,0,1.0,WR,IR,PR,12.0,True
7049,Jauan Jennings,Jauan,Jennings,WR,SF,15,75,212,28.0,Tennessee,0,5.0,WR,Questionable,SWR,2.0,True
12634,Jordan Watkins,Jordan,Watkins,WR,SF,17,71,196,23.0,Ole Miss,0,0.0,WR,Questionable,SWR,3.0,True
12743,Junior Bergen,Junior,Bergen,WR,SF,86,69,184,,Montana,0,0.0,WR,,,,True
5781,Malik Turner,Malik,Turner,WR,SF,7,74,202,29.0,Illinois,0,7.0,WR,,,,True
5086,Marquez Valdes-Scantling,Marquez,Valdes-Scantling,WR,SF,1,76,206,30.0,South Florida,0,7.0,WR,,,,True
11638,Ricky Pearsall,Ricky,Pearsall,WR,SF,1,73,189,24.0,Florida,0,1.0,WR,,LWR,1.0,True
3423,Robbie Chosen,Robbie,Chosen,WR,SF,3,75,185,32.0,Temple,0,9.0,WR,,,,True
5110,Russell Gage,Russell,Gage,WR,SF,84,72,184,29.0,LSU,0,7.0,WR,Questionable,RWR,9.0,True
8168,Skyy Moore,Skyy,Moore,WR,SF,6,70,195,24.0,Western Michigan,0,3.0,WR,,SWR,5.0,True
4218,Trent Taylor,Trent,Taylor,WR,SF,81,68,180,31.0,Louisiana Tech,0,8.0,WR,IR,,8.0,True
TB,Tampa Bay Buccaneers,Tampa Bay,Buccaneers,DEF,TB,,,0,0.0,,0,0.0,DEF,,,0.0,True
6650,Chase McLaughlin,Chase,McLaughlin,K,TB,4,72,190,29.0,Illinois,0,6.0,K,,K,1.0,True
4892,Baker Mayfield,Baker,Mayfield,QB,TB,6,73,215,30.0,Oklahoma,0,7.0,QB,,QB,1.0,True
12776,Connor Bazelak,Connor,Bazelak,QB,TB,8,75,225,24.0,Bowling Green,0,0.0,QB,,,,True
12792,Garrett Greene,Garrett,Greene,QB,TB,85,71,201,23.0,West Virginia,0,0.0,QB,,,,True
2152,Teddy Bridgewater,Teddy,Bridgewater,QB,TB,16,74,210,32.0,Louisville,0,11.0,QB,,QB,2.0,True
11584,Bucky Irving,Bucky,Irving,RB,TB,7,70,195,23.0,Oregon,0,1.0,RB,,RB,1.0,True
12787,Josh Williams,Josh,Williams,RB,TB,37,69,210,24.0,LSU,0,0.0,RB,,RB,4.0,True
1408,Le'Veon Bell,Le'Veon,Bell,RB,TB,6,73,225,29.0,Michigan State,0,9.0,RB,,,,True
8136,Rachaad White,Rachaad,White,RB,TB,1,72,214,26.0,Arizona State,0,3.0,RB,Questionable,RB,2.0,True
9506,Sean Tucker,Sean,Tucker,RB,TB,44,70,205,23.0,Syracuse,0,2.0,RB,,RB,3.0,True
8111,Cade Otton,Cade,Otton,TE,TB,88,77,247,26.0,Washington,0,3.0,TE,Questionable,TE,1.0,True
1592,Darren Fells,Darren,Fells,TE,TB,88,79,281,35.0,California-Irvine,0,9.0,TE,,,,True
11820,Devin Culp,Devin,Culp,TE,TB,82,76,237,25.0,Washington,0,1.0,TE,,TE,2.0,True
8484,Ko Kieft,Ko,Kieft,TE,TB,41,77,265,27.0,Minnesota,0,3.0,TE,,TE,4.0,True
10227,Payne Durham,Payne,Durham,TE,TB,87,77,255,25.0,Purdue,0,2.0,TE,,TE,3.0,True
11415,Tanner Taula,Tanner,Taula,TE,TB,84,78,255,26.0,Illinois State,0,2.0,TE,,,,True
4037,Chris Godwin,Chris,Godwin,WR,TB,14,73,209,29.0,Penn State,0,8.0,WR,IR,SWR,7.0,True
8801,Dennis Houston,Dennis,Houston,WR,TB,89,73,190,26.0,Western Illinois,0,3.0,WR,,,,True
12514,Emeka Egbuka,Emeka,Egbuka,WR,TB,9,73,205,22.0,Ohio State,0,0.0,WR,,SWR,2.0,True
11618,Jalen McMillan,Jalen,McMillan,WR,TB,15,73,192,23.0,Washington,0,1.0,WR,IR,RWR,9.0,True
11994,Kameron Johnson,Kameron,Johnson,WR,TB,19,70,170,23.0,Barton,0,1.0,WR,,SWR,6.0,True
2216,Mike Evans,Mike,Evans,WR,TB,13,77,231,32.0,Texas A&M,0,11.0,WR,,LWR,1.0,True
11421,Ryan Miller,Ryan,Miller,WR,TB,81,74,221,25.0,Furman,0,2.0,WR,,RWR,5.0,True
3200,Sterling Shepard,Sterling,Shepard,WR,TB,17,70,194,32.0,Oklahoma,0,9.0,WR,,LWR,3.0,True
12485,Tez Johnson,Tez,Johnson,WR,TB,83,70,165,23.0,Oregon,0,0.0,WR,,SWR,4.0,True
TEN,Tennessee Titans,Tennessee,Titans,DEF,TEN,,,0,0.0,,0,0.0,DEF,,,0.0,True
6528,Joey Slye,Joey,Slye,K,TEN,6,71,213,29.0,Virginia Tech,0,6.0,K,,K,1.0,True
3357,Brandon Allen,Brandon,Allen,QB,TEN,10,74,209,32.0,Arkansas,0,9.0,QB,,QB,2.0,True
12522,Cam Ward,Cam,Ward,QB,TEN,1,74,219,23.0,Miami (FL),0,0.0,QB,,QB,1.0,True
2549,Trevor Siemian,Trevor,Siemian,QB,TEN,15,75,220,33.0,Northwestern,0,10.0,QB,,,,True
9999,Will Levis,Will,Levis,QB,TEN,8,76,229,26.0,Kentucky,0,2.0,QB,IR,QB,4.0,True
7599,Jermar Jefferson,Jermar,Jefferson,RB,TEN,32,70,215,25.0,Oregon State,0,4.0,RB,,,,True
11378,Jordan Mims,Jordan,Mims,RB,TEN,24,72,205,26.0,Fresno State,0,2.0,RB,,,,True
8254,Julius Chestnut,Julius,Chestnut,RB,TEN,36,71,228,24.0,Sacred Heart,0,3.0,RB,,RB,2.0,True
12516,Kalel Mullings,Kalel,Mullings,RB,TEN,28,74,226,22.0,Michigan,0,0.0,RB,Questionable,RB,3.0,True
5967,Tony Pollard,Tony,Pollard,RB,TEN,20,72,209,28.0,Memphis,0,6.0,RB,,RB,1.0,True
9508,Tyjae Spears,Tyjae,Spears,RB,TEN,2,71,195,24.0,Tulane,0,2.0,RB,IR,RB,4.0,True
8210,Chig Okonkwo,Chig,Okonkwo,TE,TEN,85,75,238,25.0,Maryland,0,3.0,TE,,TE,1.0,True
12357,David Martin-Robinson,David,Martin-Robinson,TE,TEN,88,75,247,25.0,Temple,0,1.0,TE,,TE,3.0,True
12502,Gunnar Helm,Gunnar,Helm,TE,TEN,84,77,241,22.0,Texas,0,0.0,TE,,TE,2.0,True
8924,Thomas Odukoya,Thomas,Odukoya,TE,TEN,89,78,253,28.0,Eastern Michigan,0,3.0,TE,,,,True
11959,Bryce Oliver,Bryce,Oliver,WR,TEN,80,73,214,25.0,Youngstown State,0,1.0,WR,,RWR,6.0,True
5223,Caleb Scott,Caleb,Scott,WR,TEN,83,74,203,25.0,Vanderbilt,0,4.0,WR,,,,True
4981,Calvin Ridley,Calvin,Ridley,WR,TEN,0,73,190,30.0,Alabama,0,7.0,WR,Questionable,RWR,1.0,True
12540,Chimere Dike,Chimere,Dike,WR,TEN,17,73,196,23.0,Florida,0,0.0,WR,,SWR,5.0,True
12499,Elic Ayomanor,Elic,Ayomanor,WR,TEN,5,74,206,22.0,Stanford,0,0.0,WR,,LWR,3.0,True
6957,James Proche,James,Proche,WR,TEN,13,71,193,28.0,SMU,0,5.0,WR,,,,True
7436,Mason Kinsey,Mason,Kinsey,WR,TEN,12,71,200,27.0,Berry College,0,5.0,WR,,,,True
8135,Treylon Burks,Treylon,Burks,WR,TEN,16,74,225,25.0,Arkansas,0,3.0,WR,IR,,9.0,True
2374,Tyler Lockett,Tyler,Lockett,WR,TEN,4,70,182,32.0,Kansas State,0,10.0,WR,,SWR,2.0,True
6853,Van Jefferson,Van,Jefferson,WR,TEN,11,73,200,29.0,Florida,0,5.0,WR,,LWR,4.0,True
12520,Xavier Restrepo,Xavier,Restrepo,WR,TEN,87,70,202,23.0,Miami (FL),0,0.0,WR,,,,True
WAS,Washington Commanders,Washington,Commanders,DEF,WAS,,,0,0.0,,0,0.0,DEF,,,0.0,True
6083,Matt Gay,Matt,Gay,K,WAS,16,72,232,31.0,Utah,0,6.0,K,,K,1.0,True
11566,Jayden Daniels,Jayden,Daniels,QB,WAS,5,76,210,24.0,LSU,0,1.0,QB,,QB,1.0,True
260,Josh Johnson,Josh,Johnson,QB,WAS,14,75,214,39.0,San Diego,0,17.0,QB,,QB,3.0,True
2307,Marcus Mariota,Marcus,Mariota,QB,WAS,8,76,222,31.0,Oregon,0,10.0,QB,Questionable,QB,2.0,True
11558,Sam Hartman,Sam,Hartman,QB,WAS,15,73,209,26.0,Notre Dame,0,1.0,QB,,,,True
4663,Austin Ekeler,Austin,Ekeler,RB,WAS,30,70,200,30.0,Western Colorado,0,8.0,RB,,RB,1.0,True
10219,Chris Rodriguez,Chris,Rodriguez,RB,WAS,36,71,224,25.0,Kentucky,0,2.0,RB,,RB,3.0,True
12515,Donovan Edwards,Donovan,Edwards,RB,WAS,40,73,212,22.0,Michigan,0,0.0,RB,,,,True
12533,Jacory Croskey-Merritt,Jacory,Croskey-Merritt,RB,WAS,22,71,208,24.0,Arizona,0,0.0,RB,,RB,2.0,True
4219,Jeremy McNichols,Jeremy,McNichols,RB,WAS,26,69,205,29.0,Boise State,0,8.0,RB,,RB,4.0,True
3309,Wendell Smallwood,Wendell,Smallwood,RB,WAS,38,70,208,27.0,West Virginia,0,6.0,RB,,,,True
11596,Ben Sinnott,Ben,Sinnott,TE,WAS,82,76,245,23.0,Kansas State,0,1.0,TE,,TE,2.0,True
11942,Colson Yankoff,Colson,Yankoff,TE,WAS,80,76,225,25.0,UCLA,0,1.0,TE,,TE,6.0,True
7716,John Bates,John,Bates,TE,WAS,87,78,256,27.0,Boise State,0,4.0,TE,,TE,3.0,True
7106,Lawrence Cager,Lawrence,Cager,TE,WAS,89,77,220,28.0,Georgia,0,5.0,TE,,,,True
3333,Temarrick Hemingway,Temarrick,Hemingway,TE,WAS,88,77,245,28.0,South Carolina State,0,6.0,TE,,,,True
6040,Tyree Jackson,Tyree,Jackson,TE,WAS,80,79,249,27.0,Buffalo,0,6.0,TE,IR,TE,4.0,True
1339,Zach Ertz,Zach,Ertz,TE,WAS,86,77,250,34.0,Stanford,0,12.0,TE,,TE,1.0,True
3269,Chris Moore,Chris,Moore,WR,WAS,19,73,200,32.0,Cincinnati,0,9.0,WR,,,,True
5872,Deebo Samuel,Deebo,Samuel,WR,WAS,1,72,215,29.0,South Carolina,0,6.0,WR,,SWR,2.0,True
12532,Ja'Corey Brooks,Ja'Corey,Brooks,WR,WAS,16,75,195,23.0,Louisville,0,0.0,WR,,,,True
13120,Jacoby Jones,Jacoby,Jones,WR,WAS,10,75,228,24.0,UCF,0,0.0,WR,,,,True
12641,Jaylin Lane,Jaylin,Lane,WR,WAS,83,70,196,23.0,Virginia Tech,0,0.0,WR,,SWR,4.0,True
11650,Luke McCaffrey,Luke,McCaffrey,WR,WAS,11,74,195,24.0,Rice,0,1.0,WR,,RWR,5.0,True
4234,Noah Brown,Noah,Brown,WR,WAS,85,74,225,29.0,Ohio State,0,8.0,WR,Questionable,RWR,3.0,True
5927,Terry McLaurin,Terry,McLaurin,WR,WAS,17,72,210,29.0,Ohio State,0,6.0,WR,,LWR,1.0,True
